path	bytes	sha256	compression
mimetype	20	e468e350d1143eb648f60c7b0bd6031101ec0544a361ca74ecef256ac901f48b	0
META-INF/container.xml	251	64e31b3414af3b38d284c0c9659f44b35db3e6b3561397aa6a2cbe6795cf48fa	8
OEBPS/content.opf	43728	35352f7203cc8f28359ea474e1df613c53294325ef8107665bcd0292eca0ae71	8
OEBPS/fonts/BebasNeue-400.woff	26748	b433b21d2f2a8711edb0f7fad698d86a31092a06695b971bcc9c6566290aac47	8
OEBPS/fonts/Cardo-700.woff	22824	d944528a0343c967a7a063ce445693ee3b9fe61abd27ea7e2170f09dbbb9e131	8
OEBPS/fonts/Caveat-400.woff	125556	f2bb860d385775c520fb729a914641c5fbc044c0d71b797fd4d68b65b4666c89	8
OEBPS/fonts/Caveat-600.woff	132264	7a101c766f28866c5aa36ebbce5cfedcea2601f2439d3b16694b9c8eee75e9dc	8
OEBPS/fonts/CormorantGaramond-600.woff	90704	93674a6286710d4a573d4994a0e6655f93393cf08c8fb0d1dd6daa743b31b671	8
OEBPS/fonts/CormorantGaramond-700.woff	87248	6417fd78440278f109d84cf00283fbf9b91b6d639fc5afd208a121ae7c636e61	8
OEBPS/fonts/CourierPrime-400.woff	32392	3e584ac87c6687ab81761c9a9e8037cabe5757e746e9d7ceaef629c3bd9aca9b	8
OEBPS/fonts/CourierPrime-700.woff	33064	668a92f4113e33737afde8c8c2b07ffcc5d2dfee25c255c3514ca3e63ea66695	8
OEBPS/fonts/CrimsonPro-400.woff	41232	12124d3f91255b2133ed1abdfd6e7cbb45100833a70b409fe0a8f4c61cd1f68c	8
OEBPS/fonts/CrimsonPro-400i.woff	43116	f4bf9077f7354fdf8308413269f2179585df0f76e12c01eba1317d872f1a6452	8
OEBPS/fonts/CrimsonPro-600.woff	42108	f9daa1112a7dd456a5d9ac605715687f952f5ba93437e5fe38c0f5244d26b728	8
OEBPS/fonts/EBGaramond-400i.woff	30864	ee21466cc9fc9b46c76ccd9dc92eb23cfe91c39f1d625a60a894c8037ca657fb	8
OEBPS/fonts/IMFellEnglish-400.woff	108052	b915ee6c7034491df57eed8153ec2a5c3ee1ba55788a96737465d4c3239bd2a0	8
OEBPS/fonts/IMFellEnglish-400i.woff	111628	7c6064b4e7ca80d131a01b9133ddaf11978d43bc954eb0d1c1dd1391371c56d6	8
OEBPS/fonts/Inter-400.woff	152888	1dd55929d8cc7edc4291100eb2027b724ba0a2c034a1954f6e348c927343b618	8
OEBPS/fonts/LibreBaskerville-700.woff	24704	61975ecb0fdd19b2d228c2aee9e1a648f584e578a7ba40df8a0c59b235e072ad	8
OEBPS/fonts/Lora-400.woff	59416	e3e3def7d51e507f05d9b0ced0543ac0fdd918e260e2a5e51c01f6ea6e62b420	8
OEBPS/fonts/Lora-400i.woff	63588	5fc251365740c49ae7d65fed9c01cd1dbc79bdd5b2453e9ecf6804f8800e789b	8
OEBPS/fonts/Lora-700.woff	60344	e19cc0fe469614db24450e9e98e4e69f52e0158ec7bf1756e5cef2de2373b363	8
OEBPS/fonts/PermanentMarker-400.woff	37560	d1b8e012ab0f45d9178e7488478a645dd05b4f0be2520e445ecf58aa4a4e1abd	8
OEBPS/images/Costume_Irene.jpg	577849	67258580f9641645545be99030dd257152d344ce0374ff86895ce06a64091748	8
OEBPS/images/aquamarine_waterfall_necklace.jpg	243798	ef352ac1c9792fdabd5351d90523062896ac1b3d20492bb8f00c5fc151776e3b	8
OEBPS/images/casual_office_portrait.jpg	161919	5d5fa44cef664493f8cb9846e0121828d7125b46b75d490298002bf811704b81	8
OEBPS/images/char-chae-soobin.jpg	69151	8714bc718375008e04a6262377bd652586caefc9e99f5f5b4a2722b041f07a11	8
OEBPS/images/char-elkie.jpg	90686	1c92e0da6acd5b87d345f72c7390ea9f2dcc7fe7ab4bf3a1404e8b11a7444059	8
OEBPS/images/char-hara.jpg	45929	6ce377bbc4e0cdd73a9ea720e95f959641cd718041a70c46bf1fd4543650bcb4	8
OEBPS/images/char-jackson.jpg	173065	11af492ecc2886a7c4e7de46cccb5ae880df088cd5990dc31cb1174add8bca96	8
OEBPS/images/char-jang-daah.jpg	56790	0ea3ea3ea4a6cedd81d6ade4f0645d5b934316bafcbaee2f57cc29e405e7a415	8
OEBPS/images/char-jang-wonyoung.jpg	84075	b98e866a0398ccdfffc65fdad994c6c6bfad2f496a7d6f8cf893e1dccb93cf16	8
OEBPS/images/char-jeongyeon.jpg	71663	3b5fd72d80818aea156f57b0b5acbd4436d291d8f27cf3e126a97c3d390924c7	8
OEBPS/images/char-jessica.jpg	67056	40062dae874bb5c9e203c0b01097b29c089364974fc6e53b71d7b80e4c48fb52	8
OEBPS/images/char-jieun.jpg	73817	eb71a018327b0a557e57d51ae000dc643f632628f208a93a8f0fb5680bed9659	8
OEBPS/images/char-jiho.jpg	78425	9447f85df869dda7e8a8203183a94c9befd5df137595eff9910409e546b06777	8
OEBPS/images/char-jiyeon.jpg	54870	68a8f6040dc5295906d59ba5dba9a52265aad30ecdcdaa7b5d0608dc45e9ab87	8
OEBPS/images/char-joohyun.jpg	82806	427aaad23a5c4715f44390d6e682988404bc21c1e794cd68a9bd71845a7c6cc1	8
OEBPS/images/char-joy.jpg	173833	fb2542ddd0f524cf9350a3087186979e50e539d6a0d3243390fce001ce2259e5	8
OEBPS/images/char-jung-soojung.jpg	149177	30be837523685893af07593f76783a789b3c5e55289791b34fa19c50c7fe410c	8
OEBPS/images/char-kang-minkyung.jpg	23255	27c0c97179acd499f894ea49bcbd9cb1852097cdbec2e63708b4fa86808d211a	8
OEBPS/images/char-kim-daehyeong.jpg	140204	a5a3799ee2f4944aa034890c6d69df6f93869d90c3de3f24f426843c232b3c9b	8
OEBPS/images/char-kim-minho.jpg	131535	81ea56b63d93837d2f96dfa53a68dbdce8fd52a22cf22011926259b05b097c9b	8
OEBPS/images/char-krystal.jpg	90013	9030ab37b5763df7c5b7b48adac81e8257e9de5441ae15afb3a4ab26c41a6a93	8
OEBPS/images/char-kyunghoo.jpg	20060	da70a373a2929e3c6efa3943104925cc4485a29b35c66997722bfe3315a16e49	8
OEBPS/images/char-lee-ahreum.jpg	26727	f2393040e12e0ccefaee0e101611de7e0db3e71f7ff20c9d7bd1d327363088c5	8
OEBPS/images/char-lee-haeri.jpg	102986	07f29c68f903b675bb4dfb4b95919950b92c127381ad693df6bb72ffc4745279	8
OEBPS/images/char-mark.jpg	8572	b414c95ecbb1290ea1c169f367dc437d393595cd899d80e12468ffd59de00f70	8
OEBPS/images/char-miky-lee.jpg	206036	35c7851b1e2026b252004882422c4479a5e0069ba03a6a5198c0a41ab2edc915	8
OEBPS/images/char-minjung.jpg	35000	bb64540932f49d190d6ac12b6c78b23efb52fb3e74c86fea78dad468b73fc4cf	8
OEBPS/images/char-momo.jpg	54935	a4d83751ba189e5d5553ffd656bb274cfd5ea69343635fba9dfca927f8d97f40	8
OEBPS/images/char-nayeon.jpg	95730	e41b07e881fabd10866d88156dc6df43bba59063352d177a7ee2bb88486a7539	8
OEBPS/images/char-ohjonghyuk.jpg	24622	5cc91dd159db49a1520916791e85ff443f064b09e970057ffa5de775e8a369fd	8
OEBPS/images/char-park-minyoung.jpg	71640	f1c184fcba8ca68d63ac7b43f914799ba2d6ef5e97a4f7e316df8e3a691ab903	8
OEBPS/images/char-sana.jpg	61827	710257b0f52aa8a34babcd60630b3118db84ff792b9d1d88de4f2937c15d692c	8
OEBPS/images/char-seohyun.jpg	268587	4dd9bf1893a817d3c6603b34b415ad8574b81269f8a752c103baf663297b7562	8
OEBPS/images/char-seulgi.jpg	82047	00f3f9188eb53ee484f24a02ca2305db392aa96dc713b0a78c73bb1afe1d4b34	8
OEBPS/images/char-son-yejin.jpg	62696	e84f8fbcf16e4b85bdf2113b1775e62d1c4fa6db339e30d5a6a22462d751cf42	8
OEBPS/images/char-sulli.jpg	90443	9026740dbe1089d39d9f76d69e07fad89fea4181d7f0ccc17a0dd403825c6dbf	8
OEBPS/images/char-sunny.jpg	84132	9acab8dbd5d4e9656e7674ad4c9f57f5184bcc0c3d98456255f019a7132097b2	8
OEBPS/images/char-suzy.jpg	87062	e9ce9e4d91e5369a7d90eb6473c7f8415a5d67c92a47b5b64be80a105751da68	8
OEBPS/images/char-taeyeon.jpg	62713	500ed0ed77968d6edc7e2d6b106815327edc1458218024d07d1ae4ec49f63b8f	8
OEBPS/images/char-tiffany.jpg	59576	311f30ed6788cb2682fcf92c63fe19e34b2e427f6e204609d09f03516a0fb6b1	8
OEBPS/images/char-tzuyu.jpg	305790	35cfeb8a17d6d8188bbb338128a7b92e5b78e3c508b6cbcb42a5023299169423	8
OEBPS/images/char-wendy.jpg	73690	6cb51ff3e9624b847de9d2aa0aff8a9250e8ea410fd2cdebb4b3fc99c4e74228	8
OEBPS/images/char-writer-park-jieun.png	117774	524ce8eecc25a8c712dc692e8ba612715cd000a42d8452811572fe26ca058afc	8
OEBPS/images/char-yeri.jpg	67497	997a5b8c4f86623fefafed86ce791d3ef76971629e6dc21a3e091af241e4d115	8
OEBPS/images/char-yoona.jpg	85904	0bb3620bfe357d645470e91597a6e95650f47874c8adcaf17b9e8e7c563fb1cf	8
OEBPS/images/char-yoonjung.jpg	28151	6d20acc536136d57a61dc08aa69f5c5f0876594af4dfc5622230f00352c4a3cc	8
OEBPS/images/char-yuri.jpg	95937	f59ac4b99e5956c85d55913ec8706c9f66fa9cbe5e3fc6ea1e307625e94f9e8c	8
OEBPS/images/cover-bg.jpg	193730	7afbb0a2739ded639652e77737d21772f47de843c9de22fd94818376671d5fb0	8
OEBPS/images/cream_coat_reflection_jessica.jpg	185024	7e0d91503711244d74b65cb3e1d0a4929c70cda27a01708f06a4b5f92adb73b1	8
OEBPS/images/full_body_Jiho.jpg	75978	21a96bb24fbf716503b4d96b6137a399cfa0b48fee3a80f2fb1cbbb01d627c32	8
OEBPS/images/ice_princess_portrait.jpg	153633	92f70b93c5b76b172422d06049ca91e8217ad9677b096a56faa1a572a96e3dae	8
OEBPS/images/morning_kitchen_portrait.jpg	171037	3d227ce87f019a3229f037c194df552871763b44eeb08016ff4d084ac5afd588	8
OEBPS/images/outfit_Hara_3.jpg	847543	b5e43524328c22e40d9793e474b441ea09394bb3a10a14825ac4ec245785b5a1	8
OEBPS/images/outfit_IU.jpg	651889	7e9cad9a759567498bce99dfb2f3ad2046b2874769ec20baa68eef38947ede53	8
OEBPS/images/outfit_Jiyeon_2.jpg	150360	9bffb89082ced1afb833dee1bc52d44379fd4914a03d05dd6ca7a36477a4d05b	8
OEBPS/images/outfit_irene2.jpg	78844	4caed7039293cb4e141fef4bef75b979ac773ba36624f16f0585336a0630e206	8
OEBPS/images/outfit_jiyeon.jpg	222300	edb692970bf77ff2f98808b7a3856ed54931f2e38dc4aacf9adaeacb2e8dd328	8
OEBPS/images/outfit_suit_Jiho.jpg	83639	0e7c822397d4371f28840c4c90e054c326416f5a238236b5390af20e5d39f8ee	8
OEBPS/images/outfit_taeyeon.jpg	482687	3ba8cb6bb4e2f6ffaf8e49f1edde96bff03b78483226f83f0145deb03e13e553	8
OEBPS/images/outfit_yoona.jpg	132963	50392d49d77b844312bac673ff48abef676992dfd0d7f81dda6294881fa2ade5	8
OEBPS/images/seated_executive_night.jpg	119911	8d7a998493d72ccebea823cdd3bffcc5604e8bd0a6ce7aa7fb1b3febd5bee3d9	8
OEBPS/images/serpenti_viper_gift_box.jpg	210699	248721b876b2e383b9149432561dca263f1816460af9d2b7c06c2aeab630f136	8
OEBPS/images/silver_mermaid_bracelet.jpg	59774	a2131f4b03ce38cfcccffe0b21e752ed6d564e31f224a3f665234f37db505296	8
OEBPS/images/wd_jiho_blackknit.jpg	189965	4185ff53bb4b98fcb5096146afbcd16a8cd636c7aea40e9186897cfe8fa8c104	8
OEBPS/images/wd_jiho_studio_whiteshirt.jpg	147235	c3d477d20e0e6bb8ac903e169900d29f4a29973b56a5ddbe69bf49050d458b71	8
OEBPS/images/wd_jiyeon_butter.jpg	174073	afa89d2563b1f2b11ecc519c73f843f7792ebc1e45a6befd40666d75f09b98a7	8
OEBPS/images/wd_jiyeon_cherry.jpg	159384	47f8e039c4865f9ad29ef5548ae4021967ea08e7ca34eef516cd4f0dba534c8a	8
OEBPS/images/wd_sica_bedside.jpg	169023	e04d695222f7ebfefa30f1e98c098b2c20de9e5a47455d639c12d661be1513f1	8
OEBPS/images/wd_sica_knitdress.jpg	190585	8925e80b2e4303df49a265ffc8001a2f3a5f08c6c140612f79f788c12627189f	8
OEBPS/images/wd_yoona_apricot.jpg	191742	be89c12c2ade701ebd29c62222b36a671c011fd2d27e515affc42c7fb1166712	8
OEBPS/images/wd_yoona_hazeblue.jpg	191682	7600e8ee919751d1e15075c92b3594864fe77a2930d1003314788ec459f02f55	8
OEBPS/images/woman_natural_portrait.jpg	151098	9c444ffaa31505627af424c7b746310de1c355094d53b2a8fcc21c763faded27	8
OEBPS/styles/fonts.css	5146	910af7779f26f1406fc126a46443eff615c07ef050d9f493e9062e2fac1befa2	8
OEBPS/styles/stylesheet.css	137089	2c156032aee06c75a56c4fa69e92d516d87f13c6cd0be44396e75a5f4c617286	8
OEBPS/text/ch001.xhtml	10881	f4618914554ff36446bfb658b9eb3e1edc7a34f6f847d96ed892a2860aab4329	8
OEBPS/text/ch002.xhtml	8495	cb460eff833aa5e191f56eac6e4386f388d7f5087d347d073f7ad2a7028ec2f7	8
OEBPS/text/ch003.xhtml	8997	a8d97bc8e98fed23e99aaf70bb784a0e3bf19af667f06f9c505b77747f132ea5	8
OEBPS/text/ch004.xhtml	11777	5f89e2822d78998dd525e0a687ca54df1e00fb080da44190ba84b471533539c6	8
OEBPS/text/ch005.xhtml	13221	e4555e4ef0ddb7ce5b7bdfb619582283e8b5334a8c32e4247e791340285da3b7	8
OEBPS/text/ch006.xhtml	8173	cba301dec7590aaf14878b712945dfef437955d725777373f769a8227aaf259d	8
OEBPS/text/ch007.xhtml	8900	69f47c214d3b8348dc39c98e49a4b55efdda21a8fbcfc06d8f81707cc7139870	8
OEBPS/text/ch008.xhtml	8532	f1e8a35183db40ddfc6f64c02641f19a68a1b9f2469a965969d65f52c8673348	8
OEBPS/text/ch009.xhtml	8998	c91e3a8628657f3e2731551cc0aff9d21e4a6b1417bcb7f822ad8a3745ac89a2	8
OEBPS/text/ch010.xhtml	8602	cbc9d8382c95974990cc2b0ae6ac289176c99835bcffb1a9f45e10a5aec10115	8
OEBPS/text/ch011.xhtml	9648	53c414fadd52975e40e79b10a18d3ea22d5723b7b0cf6cf72f78f708e6571844	8
OEBPS/text/ch012.xhtml	8059	7bb254048bc6248d39740572ae734446f8f42038d938a0c2b383ba0984305d03	8
OEBPS/text/ch013.xhtml	7813	96628ef02ae049fd0d0d24aa1344f3666b3ff1b6654f4051a002ca07566160cb	8
OEBPS/text/ch014.xhtml	10403	f0e1a41de1b64968cc58a1fa3a7f2c405a4ec7556f5c6b8a7944556888bd2f94	8
OEBPS/text/ch015.xhtml	10527	128686901eae7b851302213d4cff81ad816b0c6fef17be3537e5003dfa79e788	8
OEBPS/text/ch016.xhtml	9384	789c6b591270ec96d416dedac6bbdd41977820deca8875a105837681467d40d5	8
OEBPS/text/ch017.xhtml	7591	029e7899f9fbd8435e31f2141e7b0b8aee6cb4a5c5b8860a055d0925d8c17976	8
OEBPS/text/ch018.xhtml	9832	1b072cda595b9147b4fea0a88fdc9cecd81cb7bcf08b8fcafaa07dda340c9cf0	8
OEBPS/text/ch019.xhtml	7826	194bc1189d9538919fe0db704f9d29fb1513b58caea8e24878509bfd6fb28c10	8
OEBPS/text/ch020.xhtml	7758	0f637d955c27cff055b165c2d5908a110d7388b8e7f601cb50b90dcde26a62ce	8
OEBPS/text/ch021.xhtml	8421	18d578515bd0ee41cf173f4d53c9000fee379850d55f2eb0d3a08616ac588565	8
OEBPS/text/ch022.xhtml	8243	8d2531f9e5e7012aee339d9130eadef66cfcdd19ab568426b4866d8fc38d709f	8
OEBPS/text/ch023.xhtml	9106	2f1f10c62eadbe83e5eb6fed0c5897a1c5c87d9e4de3081ad31fbd0d2d93b09b	8
OEBPS/text/ch024.xhtml	9591	8ba0388ade5ede37e6637215c490d502ae5725faa22ededdceba7cf66d03b134	8
OEBPS/text/ch025.xhtml	8720	0b99de9ba7d57d5a72c9251466de23ab941cbca98f822abab2d09d0f74ba1a19	8
OEBPS/text/ch026.xhtml	9613	59f80181493b9902469c27012c6d9e8960cf3e61b73d2ec2353e64e611ab7541	8
OEBPS/text/ch027.xhtml	8188	1bb3c8338e084a954d4007c070a721d647f7988b070a6b1773f79d7996a1d0fe	8
OEBPS/text/ch028.xhtml	9151	b9c076bdf09ea445fbe750ecb0165d618d6424ac4af759bf7f849fe440307adc	8
OEBPS/text/ch029.xhtml	9877	83b2ce057345b5325e2c2f6e475b244db07ea333f2810eb86c2daf837fd73520	8
OEBPS/text/ch030.xhtml	18307	3c0ab76189e14b2ca698ba2afd2f3750874bf2febb56fbda9961c1db9b1f5589	8
OEBPS/text/ch031.xhtml	8943	c96e2cfb016d47bf3450a3da7c29269922dc2bea98bbd86ef3139b16fa44e597	8
OEBPS/text/ch032.xhtml	9360	0ee8ca6f6d05a7e1627689653a72f0af57b3a70817f41d39987e495e6cbe48c9	8
OEBPS/text/ch033.xhtml	9410	cbe771970b10199bddcca775e9e65f656bee7717e4bfdaf4f821db57a9a648a2	8
OEBPS/text/ch034.xhtml	7581	a6fdf49c09366772dc1873ed1fa5514ccd04edb742b8cc977ab83af3a7d06048	8
OEBPS/text/ch035.xhtml	15275	2f65c33c63702448bed8aa537bb776f130cca464b4f52cf8b1b5b0db4f5ca627	8
OEBPS/text/ch036.xhtml	16465	72fc96eb365cd60ee52a940d09903ba6a995b2771065d8ae0566e12e48a40516	8
OEBPS/text/ch037.xhtml	9761	d2fcdfa11df47df4f5ffa23ac5f1749f62d939adc948d36e2f855d45aea43093	8
OEBPS/text/ch038.xhtml	8226	be170dcfc21abf40482dbf894146fa0c89086b3744378f3e74774363d1fda239	8
OEBPS/text/ch039.xhtml	14761	16d7f441d15ae512610e74204c2fc09a3580390efba2bce2b2d0b08b0fe712ba	8
OEBPS/text/ch040.xhtml	9291	de6da7d50aae8cf786a96e46a3547174260d3febc27f28368326ef60cb291b5b	8
OEBPS/text/ch041.xhtml	9336	8ccf59be4e9cb5a574af51607be30b87f17bbf82a7fd21512edcb703807f3ec6	8
OEBPS/text/ch042.xhtml	8052	694f72adef3b96c9151c65e8d3c71186dd966f043cd7fba0b359d58817c99089	8
OEBPS/text/ch043.xhtml	9641	00cd81afb772e32cf805fd9187db5d3b1128b97f28d297f39614a6249065c79b	8
OEBPS/text/ch044.xhtml	7693	e512cdfab6ac044f11fdbd93cb1b1a699d38b8f2428c92e19a90229c6cbc77db	8
OEBPS/text/ch045.xhtml	9913	a0b2ab60440a8db54670fab785d1fd9eaa5a548c71f2e6654fef985c906bf73f	8
OEBPS/text/ch046.xhtml	10557	08d588c8163942f05c59616819e1404a4be3fa49a06013324541963b3a6b121a	8
OEBPS/text/ch047.xhtml	6690	a2d35c153978faf91d8e2184a7a8eb4e92ebfd1a1dfac06dfeee5448ebd41f39	8
OEBPS/text/ch048.xhtml	11440	8ac4e4542b076e47536cf84225f0b3b26793eaaede3ae2dcd92a9a2dd8de3e3b	8
OEBPS/text/ch049.xhtml	8587	252f2886032770df5ff40d7a5f5b414daaba94bf37ebe7814846538e17357d38	8
OEBPS/text/ch050.xhtml	9958	d31cca3f6f4e85e6fea6b0e9ad6306bfb61b6462ea759cd7190c3494cf636e9d	8
OEBPS/text/ch051.xhtml	9225	601ec20f43e8423323a875ee34e09576290bb3a83715d60be549ab085f5e7b76	8
OEBPS/text/ch052.xhtml	7467	880b9b10d2da72b2cd7762d95258ef581e2fae0665b2193e98a96361811d088f	8
OEBPS/text/ch053.xhtml	7483	ec004d470821e7c581d3e1405999bb5aca76f988cb666a4d5bf845b57912315d	8
OEBPS/text/ch054.xhtml	9250	75f2b26b88bed09f415f3e97879ee0024bbc17c3b76339da1047cfbc9258bc76	8
OEBPS/text/ch055.xhtml	9157	46db1a6f2a0efcf331e7f6590487a43627d6d32722f60ab9213ba1fe4408cb2a	8
OEBPS/text/ch056.xhtml	12420	6a0d706e24fac57ee673f9af8ef9513730ba715102e90bdf42349c333a8609b0	8
OEBPS/text/ch057.xhtml	9239	41e51e2fb5247f921b52e20ff5d5a3ea3d279aa706e703e9813882145ed29594	8
OEBPS/text/ch058.xhtml	8671	a546bc3a508975ecfb4ce246fa777912f4ba1e817f90107c3b5121c9b7347957	8
OEBPS/text/ch059.xhtml	9811	78a9ee1f4d19d9b6eb6f35ab7826d86b9325725aa00438d087c6cd7a54f64e54	8
OEBPS/text/ch060.xhtml	10736	5e66dc909371a2b26d3a25aa59e4db545801ab26719ba119e1dccb4be9b773fe	8
OEBPS/text/ch061.xhtml	9102	4894147331b8b0ad0e03c9ab984eb0031bac84f32db08d0ed91fbbddeb75a2a2	8
OEBPS/text/ch062.xhtml	9994	7fbccfd0e0c69ce10bb993859c32b72a5d0fb2c4d7b6c93d8b8b7c21b9bf3a7b	8
OEBPS/text/ch063.xhtml	8375	22be20f198bd17770f610aada57ee6313392ea878bf76fcadc0b26425b88c318	8
OEBPS/text/ch064.xhtml	8551	eae80f405d6a26153a1dc9a82cecafcf60c3e1ed1fda96eab46bea9da2ad8fcc	8
OEBPS/text/ch065.xhtml	9245	6551202179303e521dfef063207758bab1c2d47b2a6b11c3c7af42679afff543	8
OEBPS/text/ch066.xhtml	8298	187dc943b509fddbbc65a1ed97ba67f6386ff3aff0483864e2670d7bcf774061	8
OEBPS/text/ch067.xhtml	9826	6f0497de656c369a9a1d4340af88b1f6049d1a4cbe436e9ec602f96ff750f021	8
OEBPS/text/ch068.xhtml	11865	593b0e69df96e316d241471c242f3529b43cb02ff468a10c328b67a397984d9b	8
OEBPS/text/ch069.xhtml	8288	078347f40c1b086e7007bd0e6ade6af07e02723f54940e099ad1d01012bbc9ab	8
OEBPS/text/ch070.xhtml	8711	f1f6b57a88c676fcc430169bb3a8d598a0536323b4394dabfc3eab761029b00a	8
OEBPS/text/ch071.xhtml	8710	5dd59d99332e5a3bbfc0e4ef230feb041f0930376976d7c367224374dae33bbe	8
OEBPS/text/ch072.xhtml	7419	a28b4d800fa2fa66b4a840df1cb1e68d462651569708e4c5f7c66a84e68af6ba	8
OEBPS/text/ch073.xhtml	8368	f8af92a70fdef95fce2cc884d3c1b33203b9ba83cea7928384a6b1e5e0f1fd9e	8
OEBPS/text/ch074.xhtml	8871	05b8d0b15a2dc1983e0888075cd186cf4f3c1f513a8742e4872a6ac56e42380b	8
OEBPS/text/ch075.xhtml	10048	68f4023d733fdf4c2bef9bcf9e3274eba4a9d81f42138a4204bf29a720ea4310	8
OEBPS/text/ch076.xhtml	8997	be3b28577d1f432a27ebf54f1393eb1fff2613261a33474b61ef6dfd31e5e2d1	8
OEBPS/text/ch077.xhtml	8441	a5c7710950772d3cee8822a281e215640412296a0ae98fd6adf96820c703ab05	8
OEBPS/text/ch078.xhtml	7829	18ca0ba1326eea69b85e5c1179fb130ce33f03413b8fe9dd838b4a324cf2ef7b	8
OEBPS/text/ch079.xhtml	9159	ef489c5d2a9e1234c953edd2f9965da12dc6108d45a6525b2d72b9ccf6c234bf	8
OEBPS/text/ch080.xhtml	10424	09c3faec5d5c265b5a2381e0fa07b8cfe0da585835aa7f06293b26ec2ea6fe64	8
OEBPS/text/ch081.xhtml	8218	9fda678b5f80d77a06d0ec93180c400d7763e04ca77f482c2bf5817217808522	8
OEBPS/text/ch082.xhtml	8966	c5c6fe225b776f20acece2d153e3507a2225f32a2b5edab7da28dc4e6b76cdb4	8
OEBPS/text/ch083.xhtml	10620	b27e90bcba256d27cc197abfb14dbfb0e47f1055ff4d198c8beeca0070ee0d4f	8
OEBPS/text/ch084.xhtml	7866	0471e6607f9fb08e1e44bb5426b90fec26029ba9e508dfd1dc6177b98e718bac	8
OEBPS/text/ch085.xhtml	9845	de2fdfb2d86da3c7d40696e5427e4a204f5225290c2df627236d4f52937826fb	8
OEBPS/text/ch086.xhtml	11558	c7009c8f85f596659afb692e63b36ab7c91073b16e3d24d20e7068ed6a1c0139	8
OEBPS/text/ch087.xhtml	10452	cb8da3aa478958b325ff3bfab394250ba81fdbcf251f7a34408247f974189e2c	8
OEBPS/text/ch088.xhtml	10218	170d4c689f8891873f6c1fa15fa6e7f8042f64c0747e0ec4cf3574025dafb3b6	8
OEBPS/text/ch089.xhtml	10147	69fd3b07a4bf68fe7dd5344eefc24c5776c767ffccb395d5cfaf88d9b07a03f3	8
OEBPS/text/ch090.xhtml	10718	5cb4a651dd12a14d35e99ed380b7e96822238d84808fabb3bd814859b8ea5e6e	8
OEBPS/text/ch091.xhtml	17797	b4d5b0be510f61d3de7ca07e7646767272358bf3c646a39bb45668a0adc6e946	8
OEBPS/text/ch092.xhtml	16608	96d5a6c071d77a240f623cc449b89145102357bdcd892ff775bee58a83944fc5	8
OEBPS/text/ch093.xhtml	22919	ee014f8a060fe7d197a62f0d6292fc50660a493b5c581943459dd086b32e668e	8
OEBPS/text/ch094.xhtml	23863	4b9f16720d3e0d58922e34182579f40aae35eecf882f726db6dfc212a9f4a446	8
OEBPS/text/ch095.xhtml	11009	3583ce5dd962382b9c6c5b65d95e615fa5bbd7470cf6a363cd657d0d11a1839d	8
OEBPS/text/ch096.xhtml	24064	62a5a95a6033f2e46bd1bdaf6c2f349a2d8aea667ae891fceaaba40d1a718037	8
OEBPS/text/ch097.xhtml	19699	af7b454dec3791db17b18f0dfbc569640b1071a1133ee9642f73c56e1d97f035	8
OEBPS/text/ch098.xhtml	14908	59d2bc95fdfacd436f762b241e31ff47a414e8b62b8582312281c4c662aa3abc	8
OEBPS/text/ch099.xhtml	13402	4794fa65ffb45436dda844a03a144be16f9a75af535e5a4ab66ddc49792ad075	8
OEBPS/text/ch100.xhtml	25997	ca9d591a1aaedf1f37f7bd236835e90bd30c24f22b2913c253a44867930770e4	8
OEBPS/text/ch101.xhtml	18078	8d78ea76b2282477fe5996045b6e147565a84089f1b00a46972de155947f352c	8
OEBPS/text/ch102.xhtml	15911	d1b4e9d43948dea36558b1b19c7e979ea6835ac86d2c854ffda675bc362d9917	8
OEBPS/text/ch103.xhtml	17185	52fdab8012fdaaddfd6c17ba3fd20ae0ea86738cee8008c865daf23e9f0faa2d	8
OEBPS/text/ch104.xhtml	10708	6bbeb623f4b4fb113ce9adf9b580954e41076d8f1fed05572446b9235c7ad90e	8
OEBPS/text/ch105.xhtml	10146	25e84826c4adb1ff9b344371b3de61bd8821eb7f3dddc818b85da381d1c2b30f	8
OEBPS/text/ch106.xhtml	27445	866a7135f1e68c25e0f4cbd4a32f9fdef2d38414f1dc4dea4cc92f9f8048a43d	8
OEBPS/text/ch107.xhtml	12557	ea7e4d10e9f4776f3f1886ce8baad91dbaedd1a5e95cd0c533b4bd565a488dfe	8
OEBPS/text/ch108.xhtml	8867	16a5e49ae6cdeb9920ebda9f55bbbf61d501f69cae409e2db8aeb379053e183a	8
OEBPS/text/ch109.xhtml	12324	526c70b954c90733776ea888bf5c3dfe92580e6192d8317773429af1014aed51	8
OEBPS/text/ch110.xhtml	10202	57b392816c8c7a947b204351132848927639ceca830054c61e0f80f6f08f7576	8
OEBPS/text/ch111.xhtml	13019	82ecc58b13dfd8245ec1fbdaaa80ace42cbf71d373d2b37923d5aa57381719fa	8
OEBPS/text/ch112.xhtml	8583	affce268cca8e0db475edec22fd720128fedecdd8071424c908368f4e9b3020f	8
OEBPS/text/ch113.xhtml	23113	6bc983d36b52ce8025a82ded9a5291a885e5ea7a1038b3641fc5a0927a5e12ee	8
OEBPS/text/ch114.xhtml	18416	27081d1a022f4214bd8b58cb51740835609d38fde17dcbc24451365ede1015ec	8
OEBPS/text/ch115.xhtml	15596	759cd9af36d5418df5c809b9bd39fe8d2f8b75c806992911bd19cbffd544e964	8
OEBPS/text/ch116.xhtml	14599	b979592e1de4c9a929080ad08ae16f186ff87dd62b120882989250f1bcb0c325	8
OEBPS/text/ch117.xhtml	19208	ff883be31364e5372cf7da3197e25e925a1b7205645fae20bff86ddea58acce8	8
OEBPS/text/ch118.xhtml	11973	e7ca3aedf39860974c9946127ddca910d9286dd4daabc5328738f1c9403220f1	8
OEBPS/text/ch119.xhtml	12875	d1b3f9b94bce795f833183f2d8d82ba1b01c05461534961021de77dcd3581c76	8
OEBPS/text/ch120.xhtml	16815	579063d2b889e5555dae07abdb3a624b8172b5145bd3262802ffdb11b48a31e8	8
OEBPS/text/ch121.xhtml	14705	446167369b6ec99395653e41bc2ca071fbeb4770b2590f27d8b846255bd9a5f4	8
OEBPS/text/ch122.xhtml	19941	19e5a2879d741e23ebe878c14d97bd22deb8f89f8f5b08bf57cd5329bacb5cec	8
OEBPS/text/ch123.xhtml	12143	e38eb1a5c9463d7cbb5dcdefb5715e8f2bbc9d711030f547c366244864e919f5	8
OEBPS/text/ch124.xhtml	17140	76404e823944542f2ad38833858683e722cb1106e36174464bdda9dc33ed5a7f	8
OEBPS/text/ch125.xhtml	10170	65e34901b7028f24452f827b93f895d8fe7b2e5a17a7c93366dcbcfff06e063b	8
OEBPS/text/ch126.xhtml	11947	4de0ffbbdc3bd189e29fd8e20f0250efb51751f2f86586f2fff32491ed96b624	8
OEBPS/text/ch127.xhtml	14783	16d08d5074799ca55edb6dc6ebd054f5d31ff4cf16f409b6b4750b1cfa2ad383	8
OEBPS/text/ch128.xhtml	15695	74d11a409d834fd86489a77a0857ad13a8eef1dbbcc477bbebe31ffc8ecc32ec	8
OEBPS/text/ch129.xhtml	14771	dc7f8df36773e4f9b29122b89bf9f2d2a3966a5c7bd85fd50444cf172fa89019	8
OEBPS/text/ch130.xhtml	9447	8423b9ce998f59ed2add3992fee096a99b7adbb6f81bddf0604de47ef2070969	8
OEBPS/text/ch131.xhtml	13144	988c8d3a5f87cb94513f827fd21a8c4daee88929ced8a9cf07a993e40aad80cb	8
OEBPS/text/ch132.xhtml	14389	72c3d8863c03c79b29f9f448d3622f84b85fd1ec42050ad06c7f38f613214a14	8
OEBPS/text/ch133.xhtml	13458	3733090c7672ab52df146e22a42fb4be514da8d13cfbe125882075d60d5de342	8
OEBPS/text/ch134.xhtml	14454	9e0660680a553ff4c42d372060bde80dff7cc556577610ee218a3bcfc6b0f066	8
OEBPS/text/ch135.xhtml	11118	0ca18bdf2a5e1b7c6f0a7b1e67cb7e2ce3fbf8b65e88d4be5c46d969558fa410	8
OEBPS/text/ch136.xhtml	13288	45f2c98c8e891cdbd457b14d413945f09fcbc8e8560e6a69495e052d9ec1641f	8
OEBPS/text/ch137.xhtml	16019	fc5d2fa6df8098c14f185716ad3e16da4f1d50a90437756d4a4bc04b51235f74	8
OEBPS/text/ch138.xhtml	14985	5f404ddc753f04cc9c36c15d65b9f63313a26b381264e4e0909cb09069fdae4f	8
OEBPS/text/ch139.xhtml	12808	68d909ad57d5c195e4022970ba1613c9c3b6c3ae68ec07a1a6c33370d196061e	8
OEBPS/text/ch140.xhtml	10571	1e1d59f96c4f9ee1318b55483bdf0db4c3ccae34ad17674b7c8a505263760719	8
OEBPS/text/ch141.xhtml	27823	5368ae00a30d695a65f660b10d0c0d6ab01b0fedb07ce74374e01e3353260fc5	8
OEBPS/text/ch142.xhtml	14554	5566f503e2072ef69da0b872cf56d20e7e579771b41369276b3951d932aba417	8
OEBPS/text/ch143.xhtml	30865	d3acb85fa30cc2dd150bb50a0e54fa68fd11e89e49ac004ccf12ff94534612dd	8
OEBPS/text/ch144.xhtml	32920	de6d705a825558043bb8098f6a1e759951ecf7943e3d684d9388142356cc0b69	8
OEBPS/text/ch145.xhtml	15700	983974bc5076835d065c0e57809e81bbdc839b0980886c806d5064a1e5d631c0	8
OEBPS/text/ch146.xhtml	18339	0d0928b078d8112460693407bee42f506aeedadaf868c010c968603cea0f7727	8
OEBPS/text/ch147.xhtml	9271	28981026192d05490384b6e9cf4de1472bab1ad2a4942a096048f6c2a320386f	8
OEBPS/text/ch148.xhtml	18540	f3152c58cf4d2f1f2ff0355c47fdf6cd93404ad6355b804a3f0d51d0c167a82c	8
OEBPS/text/ch149.xhtml	27985	adf5c3b6df491641f276f0a0a461d98031d8dc556ab514ae2f383448e4d55389	8
OEBPS/text/ch150.xhtml	11338	399a9fb5a1c1b60051bb810bcad8133e2ad13328236a484f816323285f49d471	8
OEBPS/text/ch151.xhtml	19329	83c8338482aae29294b732b2219f038a123220b473d11cab8769b76c0920e537	8
OEBPS/text/ch152.xhtml	23004	38ff5e5e9a783b904794402f956ab07f82622415c136afb55602f97b75b76cdf	8
OEBPS/text/ch153.xhtml	17392	612309568ac3c05936fd413b949a46eb14fe41812d363f4685818f71032de2a5	8
OEBPS/text/ch154.xhtml	15865	455b526599e1bb9fd5df0af1f395227062530dd1538cdd9594be58af15efcc0b	8
OEBPS/text/ch155.xhtml	9218	1d6ae90039f0c5f486be44c9d6799d9713100d01b285a4fa04905c83e640e1d6	8
OEBPS/text/ch156.xhtml	16050	e62f76fc1a9d0461d737d6dfb08291ad2ac6a3b3b9e7f5b77dfd3513376aabef	8
OEBPS/text/ch157.xhtml	12961	62796643166636012f698dac67488927194a5e42140fe920fb2317dd2a36cd65	8
OEBPS/text/ch158.xhtml	7082	3947864c5ac14cd3598c387290e480df1d536335c7fe81eea43dd1e906e099d8	8
OEBPS/text/ch159.xhtml	13078	1b3945536ee517815ac88f250bbf61b81864b2375cbfe74c5fa01b8d812d9b98	8
OEBPS/text/ch160.xhtml	10117	7ed92962e0aa546fcd6f40fdd6f12a2f858ad6deb136c021cca8fb339b2f97de	8
OEBPS/text/ch161.xhtml	11696	5a706fa2a5915bd573272f658698eed99b795b48f4202fa6fc7f2f138ea7c93c	8
OEBPS/text/ch162.xhtml	7792	d9860308ce135b62f934b960b89997492589dd9e35b63a9a73a045e501ac8cd3	8
OEBPS/text/ch163.xhtml	13456	628d70f7f0f0d2a099e2274695df1545808377fbe457e6635726b2987a9a16c4	8
OEBPS/text/ch164.xhtml	19107	885122ffd132e902c4994ce88606db5d1f3985bea9f9bc4fd71d0b9656ba8eeb	8
OEBPS/text/ch165.xhtml	10974	70a837b738a9b82a4257bdcff44de4f8b92e6fddd625e2e2b35f39257781a620	8
OEBPS/text/ch166.xhtml	9280	de9ed4db5f9795d7e4f1a86c929ab38a9c3e1d807d603a09cd308fe54e659ae0	8
OEBPS/text/ch167.xhtml	18835	1ad3e1ca4ed3ba1814cf7dcc3efd99eebc4ac8d9ea266e508a66eb15fd3ed90b	8
OEBPS/text/ch168.xhtml	24429	fd0f0952584c38e9d3a4194ee08785cde53436b41d1622064dad1ff41d63c7e8	8
OEBPS/text/ch169.xhtml	17323	ebd70d2f9ee6cc0a4e1fd82346b40bb91e5a00d92fcf0a31b310945fa50bd414	8
OEBPS/text/ch170.xhtml	17476	82c29fd9a6ec8841c86927ef5a191998cc6f5cdaf3ba42001e6f5c7cff882c86	8
OEBPS/text/ch171.xhtml	26937	1763c704d582f4335955090c4c9c6df981a001fe97b04f882d14c361fd201ea7	8
OEBPS/text/ch172.xhtml	21450	476cdd4a96eae6b0ca2beff4d44a6b286ffa29441c07e7b504ffd104e5b81bd7	8
OEBPS/text/ch173.xhtml	11953	b7085e82c769b41ae97e986658a6cfe00783baf2559ca8fda15211ff80cd9be9	8
OEBPS/text/ch174.xhtml	21845	aa53e392d598727db6b42e5fb35482f8f1362a24a6470ccd2126713cbdc9d416	8
OEBPS/text/ch175.xhtml	29959	5bc014ae685651d01f0adca001a18e7031eed81148af2b9e35c31e477c00f943	8
OEBPS/text/ch176.xhtml	18185	397dc432cfbd97b124d43122e6f4f594ec9323e84103bdebdfcc77c9f6094696	8
OEBPS/text/ch177.xhtml	22813	371c6d11cec86a87215c9eabae60a4aa36d1de778c8fe82fef438acea0818845	8
OEBPS/text/ch178.xhtml	24663	41b46dfe13c9b2f585c9279d65dca502cc790efab4c30258f9b9a918d7d157bf	8
OEBPS/text/ch179.xhtml	18595	438b875ab89e5bc5f1303305520b8df746a36421a09b7a6bed5313601382373b	8
OEBPS/text/ch180.xhtml	15905	c28cfb046215d3abbed7ffd7642620d7125eb56d698fd8d7dc0b0556e4c7053c	8
OEBPS/text/ch181.xhtml	9675	20f5e10ba67e9bf806d9ab73fa2f0ec5959aae1e8a2c8a505d75f34a6d7116bc	8
OEBPS/text/ch182.xhtml	16505	6a6b017fd856df984de3599ed788e02ba1fe8793e24433f0d47e778cf7da3ded	8
OEBPS/text/ch183.xhtml	14026	dc931ad036952dfb1b3c58d83dbff4df371dd2ccd1aa1e2a405076ecb33c591e	8
OEBPS/text/ch184.xhtml	19272	5fc2a7226519755546c3ffc4fc493a25fe6574096973d68690926210c0515b59	8
OEBPS/text/ch185.xhtml	16793	54a841bcfd80098b69305e80bb485331e8d3153493fec4c8bbf45ed6080b7b14	8
OEBPS/text/ch186.xhtml	14184	c34d5dd4c9ca0dd079fd875a8b2ceb25f1ba61ce9d74459820f74cf691478e24	8
OEBPS/text/ch187.xhtml	17289	2ba20c9377af42810fd1ea618ef992c8dbb15cc67401844d9706ddbc0eabc9a7	8
OEBPS/text/ch188.xhtml	15179	2e92349615e03e86caa2c67cb0697ea7f4b6a397fed0c19bb73fc1a4093594e4	8
OEBPS/text/ch189.xhtml	24285	33369c0380ed082f17a9045dd63fcae3d71c6a5196936cf1fb615306ac3145f0	8
OEBPS/text/ch190.xhtml	18101	e00ebd7b9a5316ff4701ca785188ed973dfab2c655b61b435b9e92ab6bcb53b6	8
OEBPS/text/ch191.xhtml	13026	19f8661d88efb7b5ef7c3031ac391ce27f9c40a5ef69f3c9d9c2b53cf7085683	8
OEBPS/text/ch192.xhtml	17312	7b9e885fcde3fa23f7ee547b8336c585689f6e15bfd8e350d43bcf6cb249edf9	8
OEBPS/text/ch193.xhtml	12115	0d76779362d69ec25c66abee74eb45c90ba3ad127189a527706ec7b1d246c7cc	8
OEBPS/text/ch194.xhtml	19575	f9ccaf17cd9ab8963b7da732f6fbde714b3caae5993add38829a3d0d791cb7ff	8
OEBPS/text/ch195.xhtml	24036	7b50c04c036406fbbaa050a6062c851342258af4b0adbe9999958ef7caf73ac8	8
OEBPS/text/ch196.xhtml	24445	8a2c8e3c2e64d2077c9d818ed56060dbac25b1d1e6efd158f5d20801eb06f487	8
OEBPS/text/ch197.xhtml	28004	8547c2bc328f201f626c8d0e7316ff8f1958b37253d152ff68e8c6a9457461e9	8
OEBPS/text/ch198.xhtml	20306	62fa5bd48dd26699afc5f17d2ff2f5ad5dd98c6b8c3f7c8cef8aee66cde144f2	8
OEBPS/text/ch199.xhtml	26494	6ed407f97ba002ab5b907bc353fb4eac96895519c64ed02585892d30087e5118	8
OEBPS/text/ch200.xhtml	23711	9e0da37aab829b90b4456da8cd64c47d15b17eb29c03ef85f8fbf27c7813e61f	8
OEBPS/text/ch201.xhtml	16302	f966483673abf8eed4fecebbcce12eb172ae2d4a8d5e90a06dc8d06fdbf7d1c5	8
OEBPS/text/ch202.xhtml	10169	e583647dbe756b8ab806b6d0954035b9283d1d56b8a859c9b4857b28324caa36	8
OEBPS/text/ch203.xhtml	23820	965a574c82c4f86020ab9a1899305ba28bd835684cc039de8881afda60be617b	8
OEBPS/text/ch204.xhtml	22458	0a44b8573ec9e9388451b93c7a333bcdc83e52015df9e365c07952259d491004	8
OEBPS/text/ch205.xhtml	20688	8f0480a4749b3090afb62e04df6bb47f3492fc7e7306a7d132acd8736a5cf6fa	8
OEBPS/text/ch206.xhtml	14025	75bb3d2bcc58894050ded3f11fe24ef34ed65aa0561362c5a12f8ae2547191d3	8
OEBPS/text/ch207.xhtml	16875	d7fb75013875588ad5cbca3871827952e3905d997b43623106740e8e77650ca0	8
OEBPS/text/ch208.xhtml	13359	0be710361be11eb5ec6b6c8f0a793f0741a6a382b2906d18f1c2bc7efaa49103	8
OEBPS/text/ch209.xhtml	21686	baad3da05971c24ec8cc467a0e9896bedfaa9fc66299391a1f0475a07038b5fd	8
OEBPS/text/ch210.xhtml	20191	f491b3701a2da39bd786473c9fc4a9c255d62122587648c829d5f51ebeec5b1b	8
OEBPS/text/ch211.xhtml	18886	b6ce109d00a9d98009fde20c9fca0727e0364b88a453c18b8701711681027312	8
OEBPS/text/ch212.xhtml	13783	829b711a080e151d79b6ba8f8f3fa87fd1a29b3515d8aef5327c0fd246c3f59e	8
OEBPS/text/ch213.xhtml	20311	6b0ae5605d8dd7e94f0a65d330bdf2a2e5ac0812b93745738ffa4a7a21950cbd	8
OEBPS/text/ch214.xhtml	26661	cbba6fa91435588e52a0dad9475d001b128efe0094a158305f0573fe724de7c7	8
OEBPS/text/ch215.xhtml	19385	369cfa3ec328a9a0decc71062f519dc1bb0cb733341e4fd9c73a50000465d0eb	8
OEBPS/text/ch216.xhtml	22266	044050413d64212f2ab8de3ba1c9c26f13dbef5969b4e3ab36d7ae75fb952816	8
OEBPS/text/ch217.xhtml	17971	93ad5a26214527ed714be852845ca39024682bad3517ca097c0770b557186417	8
OEBPS/text/ch218.xhtml	13276	57d7361a427ec150f12b2ec520497f14fd5fbc0cafca0ebe989763dc1948ba8f	8
OEBPS/text/ch219.xhtml	12543	d20e45782b1d296bb698d909ce37e7490089b10e4c92fce223a9b53e3668aaeb	8
OEBPS/text/ch220.xhtml	20051	fd614b03d568761b67473ab809fb60c515391ab8e76664855b8ddf86ea0d978c	8
OEBPS/text/ch221.xhtml	16078	9e1ee4e5a09fbb300bfd550bc6c701d76be960a530f6f510a465f00ab2064242	8
OEBPS/text/ch222.xhtml	25227	2c351e4d1a2c9a88508dc33bd58436091fe381b54ef03a344c29e578ffec6412	8
OEBPS/text/ch223.xhtml	16048	c6dc5f29b4fd327da35b12fa92f90f7e52f4659bb19d5367f1c0ee37dedbb542	8
OEBPS/text/ch224.xhtml	24243	b437a1b1b97739e765bc3acf7f960213cfabfa84b2465cf002061780c6ba0b73	8
OEBPS/text/ch225.xhtml	25226	a4e6bc27dafacb20cbb52ae61b59e8d1ce007e3fdef16c9220eb4c282a70e0bd	8
OEBPS/text/ch226.xhtml	20999	9411a5561a3e72ee20c964d983d960b8ef686be53539ca82950977e46046979d	8
OEBPS/text/ch227.xhtml	15252	8050fc83097fe408904be0f773a3be79242edc4a6043b223dd29aa69abe7a81a	8
OEBPS/text/ch228.xhtml	19694	85c290632e60ebbf8fb2c1022429d0af91f469f9253bdb7637b77ec70c51a6fd	8
OEBPS/text/ch229.xhtml	18997	ecb5ba333bebfb03c435c0db35b3f4b87507eb73d1db23a422a69833983401e9	8
OEBPS/text/ch230.xhtml	19543	e2458b3b2ed90a66a07626a2812b15b57e5027509d9f0a391f86fa6216230a2e	8
OEBPS/text/ch231.xhtml	15186	24f449facec5eb41c28b18144a07d26e681d03c5cba7e13d8f73f6d9918361f8	8
OEBPS/text/ch232.xhtml	19040	e5b9045c21eb946e9852dddc297ccf559348f0027bb7de5f7012ad185c60dd2d	8
OEBPS/text/ch233.xhtml	11741	3df0251e25c92c92616b669a4304e89face0a08cd0d4dfe08f9d9c3ec20bb1f4	8
OEBPS/text/ch234.xhtml	17672	2f23fbcfececf50530fad86ca19bdaa539bdde5366395e3b0f5f99994780475c	8
OEBPS/text/ch235.xhtml	19645	a51ea994b2d616f5130d957cc3d0cad7b2ff4ca5edf334139a34c628eacefa46	8
OEBPS/text/ch236.xhtml	14466	e3c308548eafc885448335b53c3d2b7fa273798bfe80b0948c39ea627cec9a54	8
OEBPS/text/ch237.xhtml	15422	40f49e9c8737422d2c5e188bdf7f4fa9a8d63c3044e5f7abf0822ba14be76f38	8
OEBPS/text/ch238.xhtml	15243	b0641b4f3ee368078dcf4617114fa498d063dc936c3b40d612003a9ded9033a9	8
OEBPS/text/ch239.xhtml	33947	3af52351056f9d45ef7e44e489e43b377e1980d4062b4f6a848f54c909e00437	8
OEBPS/text/ch240.xhtml	16539	337599a0b5fcf42ddfbbd00350c99298af778b1f300bda9ba766fac3cfa42356	8
OEBPS/text/ch241.xhtml	25178	775a117e974b022fde2bbe0bc6d521a51576d83b40c30adacd17b7771278660a	8
OEBPS/text/ch242.xhtml	12401	5aa80988e24999194fb4ac1e5fbf7ae2bf4f615a70b2993140d31f5bcf55c2d6	8
OEBPS/text/ch243.xhtml	27395	bc810da6965116e39672dd225fe0d64f75a83f244ee71dc6e9725491f97df254	8
OEBPS/text/ch244.xhtml	36542	c4848a944aa1865adfc514a52e0abbe04466b7ed63e25ecbe4d949771e8b70cd	8
OEBPS/text/ch245.xhtml	20249	78eac5e26a274dabaae09217d9c35cf5ec25480405ec1edafdf108b0ac8a3af0	8
OEBPS/text/ch246.xhtml	23042	32b0d942a57258fbff502cfa606967c0b685812d8e15d8cc26482354d051caec	8
OEBPS/text/ch247.xhtml	15679	5bd1a179fc7b5aa451918b2ba6aa17e1cc57ced74a028a1ac201cc09016bb61c	8
OEBPS/text/ch248.xhtml	20260	87bfe067eb95d7a032155c33a822412257b8607771d141614d1b872fac8c30e6	8
OEBPS/text/ch249.xhtml	17073	8e277503314feb0c4d94a23efb06e30c0da0fbfbf20992a94ebfbc32c25794c4	8
OEBPS/text/ch250.xhtml	21111	1123eb39f5043476101bfb92e2a7af11218c13bc11fff17fa9730291bb0186ea	8
OEBPS/text/ch251.xhtml	16726	9660e2fee056f3f9b69ae6abf692e488fc5b87fc6b3b12787948941ea01e23c5	8
OEBPS/text/ch252.xhtml	34906	468375218e9f4e2c4bcf6142ef574d135d1bc7f785404629f4a7408ad6a6c2d0	8
OEBPS/text/ch253.xhtml	19793	d4a5596c3594d5defb2f75d2f92a9c28cab3349a10e57de7136183cca0638803	8
OEBPS/text/ch254.xhtml	15939	4e9a2a81e613e12ee5da0bf12500ddf446f93ae29477f3533dbd5129685757c8	8
OEBPS/text/ch255.xhtml	18155	3e47baa6a589a1cdf5831ba0a39cb18322ade725241c2466ab4880cb3770188b	8
OEBPS/text/ch256.xhtml	24072	2a6b53d60c1b0214099408c86cb67a9542ae3c74164ba67b29b10250f7bfb0a9	8
OEBPS/text/ch257.xhtml	17494	9abadbfbe24e60835e09b11f3ef37d7c8e312d6dbe8e82a3aaedc5d503ec64d4	8
OEBPS/text/ch258.xhtml	16401	e38ef8480f413b78d0abe9b27fca137e904931e125fe5a8909347be80ac7bb4a	8
OEBPS/text/ch259.xhtml	19948	04eeb4c797c89865663b996c12c2fb8313f8eebd5b0d341a7eae7736739f2915	8
OEBPS/text/ch260.xhtml	19943	aaa9b6cd07fea432ad262286a06230abada0e0f8a9bd26d9798109c72f7a4919	8
OEBPS/text/ch261.xhtml	26480	368fa3b7ecb6cd5d92340cfd07c9e2a1737779b8e09e47e8f4488be2c9922e3e	8
OEBPS/text/ch262.xhtml	22401	79da564dc6fd27020a033bc442ec173edcd931fcee1d40fede351636cdbea018	8
OEBPS/text/ch263.xhtml	19552	f7bc5326406932ec305f6e2937207a7f8c52fadc183e4ebef71743fb166642bc	8
OEBPS/text/ch264.xhtml	19085	0f61166159e07c0b06714e2f844f6526f198f9281e366b200f1c556ec6389bcb	8
OEBPS/text/ch265.xhtml	24096	9437420dcab69ab281e40b73988265c52c33539b6c116731583b9ef19e9308b0	8
OEBPS/text/ch266.xhtml	18844	46ee06fd3b17c5311f5aeca8fda156f7bacd26096109ea077443c102368aefed	8
OEBPS/text/ch267.xhtml	16373	7d3639c59a5f58dcb0aae31f55eee29642273f7ad33a784544396136871c91b6	8
OEBPS/text/ch268.xhtml	14275	067ae60e0c2158c60dcc86aa1d1d042d72445899b76fa7bf6e6b36f25c07895d	8
OEBPS/text/ch269.xhtml	28260	58646d6605e5b00de360830b6eeecaf7d368702f203d8e2bde20578649f59360	8
OEBPS/text/ch270.xhtml	16919	c2cb48af1f0c819cc75f830ccc1605f66f53fe0d597cc11c9716a2071e3bf2bd	8
OEBPS/text/ch271.xhtml	23165	a304df9d1a811ceb33737e8c906278692fabfb2066dab26c0ec850b8f57e7ac8	8
OEBPS/text/ch272.xhtml	36592	d79908bfd70e8eb0c4b4c7f0849d03fd5c640ef8179f424d079ab932d6331a7e	8
OEBPS/text/ch273.xhtml	37435	3c2859e80beb542b0ac05bbf99c72bd4c6db5c1b08e652f482c8195edc8595b6	8
OEBPS/text/ch274.xhtml	41576	d34483aacb9cac6530f0b75734301378f6ddbc6426d0a25123b1ced7cf580e50	8
OEBPS/text/ch275.xhtml	48037	80660b47b87f77cb8e5d8802b33caed22d5a5033db6c90f51c4d274b2e14144c	8
OEBPS/text/ch276.xhtml	54404	e48ae5267e998b122ac6c388e3b9e5843ebb9a2f04c3abe64ab5454428307419	8
OEBPS/text/ch277.xhtml	46298	6598fc89b8067b142d616fcfb5a6be92590eee82117c0099980c4b148226e648	8
OEBPS/text/ch278.xhtml	40387	077444ea5b66b3cd7657a154271fecf98ab145b0837514bd8d3e74be059df7cb	8
OEBPS/text/ch279.xhtml	59029	d281919b25613aa724535b83e9321bd5904b180c1336119ccf324c6e293cb5f6	8
OEBPS/text/ch280.xhtml	57805	fea7dacbea022d4a4634a64f0472c7b42c39bace1bf1241dd6f77663c0b3a040	8
OEBPS/text/ch281.xhtml	51945	eac462e010c19b9ae2af26074c8ce7bdb745ea37d1c6699064fe1539756c9b71	8
OEBPS/text/ch282.xhtml	111241	57d84b4f29b69b565aa167760b8b6d8d5f7ea14d8bf73fa3b7062db4ad338a8e	8
OEBPS/text/ch283.xhtml	32390	3a329020273d4b13bcb07e4b2f385a3cd612947ce8f762c11a4bfbf1366bca7d	8
OEBPS/text/ch284.xhtml	34526	1ac74fb884a6fe1020fb87dc55fb025088f66f0998425c8c8a28e6c5c5930eb3	8
OEBPS/text/ch285.xhtml	35215	3e8928d391e397af0e7dbbe4c65a38bbcceb42712517f4432de5cb20d86dc280	8
OEBPS/text/ch286.xhtml	64712	047bd4e73a2caecbf411ac9b709b5fafebb79e79aa37be9d4d8ec0f614b15a2b	8
OEBPS/text/ch287.xhtml	44608	5849710d15b6f4728faae4646d4ce7b4aaa995a3bc47bdc92c63b2cda1a7b760	8
OEBPS/text/ch288.xhtml	39350	d75f3b4ef4d6d010c162c317e619612fad04f8dca330b5e5eca6e4981b7c6d34	8
OEBPS/text/ch289.xhtml	38236	1ae0777ac8104efd423117c41cb49ffb9ee0034523ad63f35de15fad2c310bff	8
OEBPS/text/ch290.xhtml	39870	f793057e57357f5426d7ef7ce45b48b2a1207f46476c53be6e18dd5e61cca936	8
OEBPS/text/ch291.xhtml	45686	e8df6c1efec7176dc4611bc03bd8910640c2dd329a1467a4818d9058abbeb122	8
OEBPS/text/ch292.xhtml	36818	d125b828bc4ac2769b87d52c52d3b8450731d4c50c323091ccc3cb65f2907749	8
OEBPS/text/ch293.xhtml	33241	8045a21e47c2c8dce083e8f2e3a1acec01d72f071dce24b4ae9cac76a19474fb	8
OEBPS/text/ch294.xhtml	27577	1eac56ecb02ff6c972977694d67e583655b67c8a2197c1a3fd54f24baa35be0b	8
OEBPS/text/ch295.xhtml	29817	353681ccbbb8b13d3153c6c517a08de9d234346b9bebc42ca09fa9aa78742d11	8
OEBPS/text/ch296.xhtml	30042	8f2f93ccbf73712794bea8d83900e55ca6ca715b5d5ace87f7e79229332c014e	8
OEBPS/text/ch297.xhtml	26770	e4ba6b1f3c9afd18bef5dbda895731de8da72b42073be4b20f37456040cef520	8
OEBPS/text/ch298.xhtml	29359	1f8e2034cda929d05c24b3ebe7fae90d05e8c9821be65e66856b91bdc9780e7c	8
OEBPS/text/ch299.xhtml	34053	675b159f5950c5bf3d5efc198eea1595a469118e24d9974d2e0d66eaaba7a908	8
OEBPS/text/ch300.xhtml	47860	abf63d10d401b2e8e10cc6ec46d547770be31914cca0a7f99344d571cce7fd63	8
OEBPS/text/ch301.xhtml	42163	9d180c121f0734f767042c0ef04d940088fcc0613e067141935411d27140b106	8
OEBPS/text/ch302.xhtml	44095	8fe13b67f7a5f9f4b66eda487277f7cb9dc6aa57e3a389fc23c1babdb3d74d80	8
OEBPS/text/characters.xhtml	61696	45a671c981151cff960cc7c8d0da65e1dc997a40c3f5a933d288cb4c7288e1bb	8
OEBPS/text/cover.xhtml	1470	d9f5923eceffa770fd79f279d94d407429573d1110b56c04e28007659d03fd6a	8
OEBPS/text/glossary.xhtml	28684	da059c72a53f0c30ce9b4a7d87a3490bcd9fef48c72c56cb94821ae98f69cbed	8
OEBPS/text/nav.xhtml	24654	487191a6609fe479ee7d436184d8779c60611d47d3ffd7ce35fd76b9d1ba4d6f	8
OEBPS/toc.ncx	59908	f23400fb1e87a7484621c0a906209e0de3f446a880d0dd396ec62fd3faac61c4	8
