path	bytes	sha256
raws/ch299_raw.txt	18018	fc729962a9a5d698bde5b349a7617cfca931ce15c4d81b85a693e4002aba5142
raws/ch300_raw.txt	26726	c25e6ea7b0c7e9c2e34554e94eddb71ab6bb8ea51048257f1982bab5686a140a
raws/ch301_raw.txt	14184	7e44db12c5143ab5875fc669d0b76bbd43874dc50ff5bfc4a1818218c39b679d
raws/ch302_raw.txt	20752	53a5d20545fd43cd6a8faaac5bf1d95ee0ef1bf6ff9fe2ee93c678a71e23cf94
raws/ch303_raw.txt	24544	3a5ace967f741ae1ae0c47380073961baa6cd23d5fecf403daeef6c0c0db9e16
raws/ch303_user_resubmitted_raw.txt	24968	476aecbb806ef14106804c8d861c89e63dca88053923616ddaabc24be7990f39
raws/ch304_raw.txt	14413	9fa3cef8c1904343fb7e12bc45de1aa7c0fc4ee201176ef27df9459e816b6fb5
uploads/Jessica_ref.jpg	504876	b52eb09a6480a238455ee876ce1294dba0d6e6d659af628c90fa947e58034411
uploads/Yoona_outfit_3.jpg	164011	4d13eab498eba4dc49932563176546a031ed462b4fcecfc40150e361d8118d94
