class	occurrences	chapters
aa-label	8	ch284, ch287, ch290, ch291, ch295, ch300, ch301, ch302
aa-text	13	ch284, ch287, ch290, ch291, ch295, ch300, ch301, ch302
ac-cue	61	ch160, ch164, ch169, ch170, ch171, ch263, ch268, ch273, ch282, ch286, ch290, ch294, ch295
ac-direction	2	ch171, ch290
ac-heading	17	ch160, ch164, ch169, ch170, ch171, ch263, ch268, ch273, ch282, ch286, ch290, ch294, ch295
ac-line	61	ch160, ch164, ch169, ch170, ch171, ch263, ch268, ch273, ch282, ch286, ch290, ch294, ch295
ac-note	11	ch160, ch164, ch169, ch170, ch171, ch263, ch268, ch273, ch282, ch286, ch290
ac-slate	13	ch160, ch164, ch169, ch170, ch171, ch263, ch268, ch273, ch282, ch286, ch290, ch294, ch295
acting-block	13	ch160, ch164, ch169, ch170, ch171, ch263, ch268, ch273, ch282, ch286, ch290, ch294, ch295
action-beat	104	ch001, ch022, ch035, ch037, ch043, ch046, ch053, ch054, ch063, ch097, ch100, ch102, ch103, ch106, ch109, ch113, ch122, ch126, ch130, ch134, ch135, ch137, ch138, ch140, ch143, ch145, ch148, ch174, ch192, ch193, ch244, ch257, ch261, ch301, ch302, ch303
app-meta	40	ch005, ch011, ch103, ch104, ch105, ch111, ch116, ch123, ch125, ch129, ch137, ch139, ch143, ch145, ch149, ch153, ch157, ch222, ch223, ch275, ch276, ch280, ch296, ch299, ch300, ch302, ch303
app-screen	38	ch005, ch011, ch103, ch104, ch105, ch111, ch116, ch123, ch125, ch129, ch132, ch137, ch139, ch143, ch145, ch149, ch153, ch157, ch200, ch209, ch210, ch222, ch223, ch275, ch276, ch280, ch284, ch296, ch299, ch300, ch302, ch303
app-title	38	ch005, ch011, ch103, ch104, ch105, ch111, ch116, ch123, ch125, ch129, ch132, ch137, ch139, ch143, ch145, ch149, ch153, ch157, ch200, ch209, ch210, ch222, ch223, ch275, ch276, ch280, ch284, ch296, ch299, ch300, ch302, ch303
author-aside	8	ch284, ch287, ch290, ch291, ch295, ch300, ch301, ch302
aw-header	3	ch148, ch253
aw-laurel	3	ch148, ch253
aw-note	3	ch148, ch253
aw-winner	3	ch148, ch253
aw-work	3	ch148, ch253
award-block	3	ch148, ch253
beat	988	ch001, ch004, ch008, ch009, ch010, ch013, ch015, ch019, ch020, ch022, ch024, ch025, ch026, ch027, ch028, ch031, ch034, ch035, ch036, ch037, ch038, ch039, ch040, ch043, ch045, ch046, ch047, ch048, ch049, ch050, ch053, ch054, ch055, ch056, ch057, ch058, ch060, ch061, ch062, ch063, ch064, ch065, ch066, ch067, ch068, ch069, ch070, ch073, ch074, ch075, ch077, ch078, ch079, ch081, ch082, ch083, ch085, ch086, ch088, ch089, ch090, ch092, ch093, ch094, ch095, ch096, ch097, ch098, ch099, ch100, ch101, ch102, ch103, ch104, ch105, ch106, ch107, ch108, ch109, ch111, ch112, ch113, ch114, ch115, ch116, ch117, ch118, ch119, ch120, ch121, ch122, ch123, ch124, ch125, ch126, ch127, ch128, ch129, ch130, ch132, ch134, ch135, ch136, ch137, ch138, ch139, ch140, ch141, ch142, ch143, ch145, ch146, ch147, ch148, ch149, ch150, ch151, ch152, ch153, ch154, ch155, ch156, ch158, ch159, ch161, ch162, ch164, ch165, ch166, ch167, ch168, ch169, ch170, ch171, ch172, ch173, ch174, ch175, ch176, ch177, ch178, ch179, ch180, ch181, ch182, ch183, ch184, ch185, ch186, ch187, ch188, ch189, ch190, ch191, ch192, ch193, ch194, ch195, ch196, ch197, ch198, ch199, ch200, ch201, ch202, ch203, ch204, ch205, ch206, ch207, ch208, ch209, ch210, ch211, ch213, ch214, ch215, ch216, ch217, ch218, ch219, ch220, ch221, ch222, ch223, ch225, ch226, ch227, ch228, ch229, ch230, ch231, ch232, ch233, ch234, ch235, ch236, ch237, ch238, ch239, ch240, ch241, ch242, ch243, ch244, ch247, ch252, ch253, ch257, ch261, ch264, ch265, ch266, ch301, ch302, ch303
bf-band	39	ch150, ch158, ch190, ch197, ch198, ch242, ch243, ch249, ch250, ch251, ch252, ch253, ch255, ch256, ch261, ch262, ch267, ch269, ch272, ch275, ch276, ch278, ch281, ch286, ch289, ch290, ch291, ch296, ch299, ch300, ch301, ch302, ch303
bf-item	169	ch150, ch158, ch190, ch197, ch198, ch242, ch243, ch249, ch250, ch251, ch252, ch253, ch255, ch256, ch261, ch262, ch267, ch269, ch272, ch275, ch276, ch278, ch281, ch286, ch289, ch290, ch291, ch296, ch299, ch300, ch301, ch302, ch303
bf-key	169	ch150, ch158, ch190, ch197, ch198, ch242, ch243, ch249, ch250, ch251, ch252, ch253, ch255, ch256, ch261, ch262, ch267, ch269, ch272, ch275, ch276, ch278, ch281, ch286, ch289, ch290, ch291, ch296, ch299, ch300, ch301, ch302, ch303
bf-note	16	ch272, ch275, ch276, ch278, ch281, ch286, ch289, ch290, ch291, ch296, ch299, ch300, ch301, ch302, ch303
bf-source	20	ch150, ch158, ch190, ch197, ch243, ch249, ch250, ch252, ch253, ch256, ch269, ch272, ch275, ch276, ch278, ch281, ch286
bf-title	39	ch150, ch158, ch190, ch197, ch198, ch242, ch243, ch249, ch250, ch251, ch252, ch253, ch255, ch256, ch261, ch262, ch267, ch269, ch272, ch275, ch276, ch278, ch281, ch286, ch289, ch290, ch291, ch296, ch299, ch300, ch301, ch302, ch303
blue	4	ch119, ch120
bo-figure	30	ch210, ch211, ch212, ch213, ch216, ch220, ch245
bo-header	9	ch210, ch211, ch212, ch213, ch216, ch220, ch245
bo-label	30	ch210, ch211, ch212, ch213, ch216, ch220, ch245
bo-note	9	ch210, ch211, ch212, ch213, ch216, ch220, ch245
bo-rank	15	ch210, ch211, ch212, ch213, ch216, ch220, ch245
bo-row	30	ch210, ch211, ch212, ch213, ch216, ch220, ch245
bo-title	7	ch210, ch211, ch212, ch213, ch245
box-office	9	ch210, ch211, ch212, ch213, ch216, ch220, ch245
briefing-block	39	ch150, ch158, ch190, ch197, ch198, ch242, ch243, ch249, ch250, ch251, ch252, ch253, ch255, ch256, ch261, ch262, ch267, ch269, ch272, ch275, ch276, ch278, ch281, ch286, ch289, ch290, ch291, ch296, ch299, ch300, ch301, ch302, ch303
bright	10	ch078, ch243, ch249, ch252, ch258, ch266, ch282
call-sheet	5	ch273, ch281, ch282, ch284, ch290
callout	1	ch016
chapter-header	303	ch001, ch002, ch003, ch004, ch005, ch006, ch007, ch008, ch009, ch010, ch011, ch012, ch013, ch014, ch015, ch016, ch017, ch018, ch019, ch020, ch021, ch022, ch023, ch024, ch025, ch026, ch027, ch028, ch029, ch030, ch031, ch032, ch033, ch034, ch035, ch036, ch037, ch038, ch039, ch040, ch041, ch042, ch043, ch044, ch045, ch046, ch047, ch048, ch049, ch050, ch051, ch052, ch053, ch054, ch055, ch056, ch057, ch058, ch059, ch060, ch061, ch062, ch063, ch064, ch065, ch066, ch067, ch068, ch069, ch070, ch071, ch072, ch073, ch074, ch075, ch076, ch077, ch078, ch079, ch080, ch081, ch082, ch083, ch084, ch085, ch086, ch087, ch088, ch089, ch090, ch091, ch092, ch093, ch094, ch095, ch096, ch097, ch098, ch099, ch100, ch101, ch102, ch103, ch104, ch105, ch106, ch107, ch108, ch109, ch110, ch111, ch112, ch113, ch114, ch115, ch116, ch117, ch118, ch119, ch120, ch121, ch122, ch123, ch124, ch125, ch126, ch127, ch128, ch129, ch130, ch131, ch132, ch133, ch134, ch135, ch136, ch137, ch138, ch139, ch140, ch141, ch142, ch143, ch144, ch145, ch146, ch147, ch148, ch149, ch150, ch151, ch152, ch153, ch154, ch155, ch156, ch157, ch158, ch159, ch160, ch161, ch162, ch163, ch164, ch165, ch166, ch167, ch168, ch169, ch170, ch171, ch172, ch173, ch174, ch175, ch176, ch177, ch178, ch179, ch180, ch181, ch182, ch183, ch184, ch185, ch186, ch187, ch188, ch189, ch190, ch191, ch192, ch193, ch194, ch195, ch196, ch197, ch198, ch199, ch200, ch201, ch202, ch203, ch204, ch205, ch206, ch207, ch208, ch209, ch210, ch211, ch212, ch213, ch214, ch215, ch216, ch217, ch218, ch219, ch220, ch221, ch222, ch223, ch224, ch225, ch226, ch227, ch228, ch229, ch230, ch231, ch232, ch233, ch234, ch235, ch236, ch237, ch238, ch239, ch240, ch241, ch242, ch243, ch244, ch245, ch246, ch247, ch248, ch249, ch250, ch251, ch252, ch253, ch254, ch255, ch256, ch257, ch258, ch259, ch260, ch261, ch262, ch263, ch264, ch265, ch266, ch267, ch268, ch269, ch270, ch271, ch272, ch273, ch274, ch275, ch276, ch277, ch278, ch279, ch280, ch281, ch282, ch283, ch284, ch285, ch286, ch287, ch288, ch289, ch290, ch291, ch292, ch293, ch294, ch295, ch296, ch297, ch298, ch299, ch300, ch301, ch302, ch303
chapter-number	303	ch001, ch002, ch003, ch004, ch005, ch006, ch007, ch008, ch009, ch010, ch011, ch012, ch013, ch014, ch015, ch016, ch017, ch018, ch019, ch020, ch021, ch022, ch023, ch024, ch025, ch026, ch027, ch028, ch029, ch030, ch031, ch032, ch033, ch034, ch035, ch036, ch037, ch038, ch039, ch040, ch041, ch042, ch043, ch044, ch045, ch046, ch047, ch048, ch049, ch050, ch051, ch052, ch053, ch054, ch055, ch056, ch057, ch058, ch059, ch060, ch061, ch062, ch063, ch064, ch065, ch066, ch067, ch068, ch069, ch070, ch071, ch072, ch073, ch074, ch075, ch076, ch077, ch078, ch079, ch080, ch081, ch082, ch083, ch084, ch085, ch086, ch087, ch088, ch089, ch090, ch091, ch092, ch093, ch094, ch095, ch096, ch097, ch098, ch099, ch100, ch101, ch102, ch103, ch104, ch105, ch106, ch107, ch108, ch109, ch110, ch111, ch112, ch113, ch114, ch115, ch116, ch117, ch118, ch119, ch120, ch121, ch122, ch123, ch124, ch125, ch126, ch127, ch128, ch129, ch130, ch131, ch132, ch133, ch134, ch135, ch136, ch137, ch138, ch139, ch140, ch141, ch142, ch143, ch144, ch145, ch146, ch147, ch148, ch149, ch150, ch151, ch152, ch153, ch154, ch155, ch156, ch157, ch158, ch159, ch160, ch161, ch162, ch163, ch164, ch165, ch166, ch167, ch168, ch169, ch170, ch171, ch172, ch173, ch174, ch175, ch176, ch177, ch178, ch179, ch180, ch181, ch182, ch183, ch184, ch185, ch186, ch187, ch188, ch189, ch190, ch191, ch192, ch193, ch194, ch195, ch196, ch197, ch198, ch199, ch200, ch201, ch202, ch203, ch204, ch205, ch206, ch207, ch208, ch209, ch210, ch211, ch212, ch213, ch214, ch215, ch216, ch217, ch218, ch219, ch220, ch221, ch222, ch223, ch224, ch225, ch226, ch227, ch228, ch229, ch230, ch231, ch232, ch233, ch234, ch235, ch236, ch237, ch238, ch239, ch240, ch241, ch242, ch243, ch244, ch245, ch246, ch247, ch248, ch249, ch250, ch251, ch252, ch253, ch254, ch255, ch256, ch257, ch258, ch259, ch260, ch261, ch262, ch263, ch264, ch265, ch266, ch267, ch268, ch269, ch270, ch271, ch272, ch273, ch274, ch275, ch276, ch277, ch278, ch279, ch280, ch281, ch282, ch283, ch284, ch285, ch286, ch287, ch288, ch289, ch290, ch291, ch292, ch293, ch294, ch295, ch296, ch297, ch298, ch299, ch300, ch301, ch302, ch303
chapter-rule	303	ch001, ch002, ch003, ch004, ch005, ch006, ch007, ch008, ch009, ch010, ch011, ch012, ch013, ch014, ch015, ch016, ch017, ch018, ch019, ch020, ch021, ch022, ch023, ch024, ch025, ch026, ch027, ch028, ch029, ch030, ch031, ch032, ch033, ch034, ch035, ch036, ch037, ch038, ch039, ch040, ch041, ch042, ch043, ch044, ch045, ch046, ch047, ch048, ch049, ch050, ch051, ch052, ch053, ch054, ch055, ch056, ch057, ch058, ch059, ch060, ch061, ch062, ch063, ch064, ch065, ch066, ch067, ch068, ch069, ch070, ch071, ch072, ch073, ch074, ch075, ch076, ch077, ch078, ch079, ch080, ch081, ch082, ch083, ch084, ch085, ch086, ch087, ch088, ch089, ch090, ch091, ch092, ch093, ch094, ch095, ch096, ch097, ch098, ch099, ch100, ch101, ch102, ch103, ch104, ch105, ch106, ch107, ch108, ch109, ch110, ch111, ch112, ch113, ch114, ch115, ch116, ch117, ch118, ch119, ch120, ch121, ch122, ch123, ch124, ch125, ch126, ch127, ch128, ch129, ch130, ch131, ch132, ch133, ch134, ch135, ch136, ch137, ch138, ch139, ch140, ch141, ch142, ch143, ch144, ch145, ch146, ch147, ch148, ch149, ch150, ch151, ch152, ch153, ch154, ch155, ch156, ch157, ch158, ch159, ch160, ch161, ch162, ch163, ch164, ch165, ch166, ch167, ch168, ch169, ch170, ch171, ch172, ch173, ch174, ch175, ch176, ch177, ch178, ch179, ch180, ch181, ch182, ch183, ch184, ch185, ch186, ch187, ch188, ch189, ch190, ch191, ch192, ch193, ch194, ch195, ch196, ch197, ch198, ch199, ch200, ch201, ch202, ch203, ch204, ch205, ch206, ch207, ch208, ch209, ch210, ch211, ch212, ch213, ch214, ch215, ch216, ch217, ch218, ch219, ch220, ch221, ch222, ch223, ch224, ch225, ch226, ch227, ch228, ch229, ch230, ch231, ch232, ch233, ch234, ch235, ch236, ch237, ch238, ch239, ch240, ch241, ch242, ch243, ch244, ch245, ch246, ch247, ch248, ch249, ch250, ch251, ch252, ch253, ch254, ch255, ch256, ch257, ch258, ch259, ch260, ch261, ch262, ch263, ch264, ch265, ch266, ch267, ch268, ch269, ch270, ch271, ch272, ch273, ch274, ch275, ch276, ch277, ch278, ch279, ch280, ch281, ch282, ch283, ch284, ch285, ch286, ch287, ch288, ch289, ch290, ch291, ch292, ch293, ch294, ch295, ch296, ch297, ch298, ch299, ch300, ch301, ch302, ch303
chapter-title	303	ch001, ch002, ch003, ch004, ch005, ch006, ch007, ch008, ch009, ch010, ch011, ch012, ch013, ch014, ch015, ch016, ch017, ch018, ch019, ch020, ch021, ch022, ch023, ch024, ch025, ch026, ch027, ch028, ch029, ch030, ch031, ch032, ch033, ch034, ch035, ch036, ch037, ch038, ch039, ch040, ch041, ch042, ch043, ch044, ch045, ch046, ch047, ch048, ch049, ch050, ch051, ch052, ch053, ch054, ch055, ch056, ch057, ch058, ch059, ch060, ch061, ch062, ch063, ch064, ch065, ch066, ch067, ch068, ch069, ch070, ch071, ch072, ch073, ch074, ch075, ch076, ch077, ch078, ch079, ch080, ch081, ch082, ch083, ch084, ch085, ch086, ch087, ch088, ch089, ch090, ch091, ch092, ch093, ch094, ch095, ch096, ch097, ch098, ch099, ch100, ch101, ch102, ch103, ch104, ch105, ch106, ch107, ch108, ch109, ch110, ch111, ch112, ch113, ch114, ch115, ch116, ch117, ch118, ch119, ch120, ch121, ch122, ch123, ch124, ch125, ch126, ch127, ch128, ch129, ch130, ch131, ch132, ch133, ch134, ch135, ch136, ch137, ch138, ch139, ch140, ch141, ch142, ch143, ch144, ch145, ch146, ch147, ch148, ch149, ch150, ch151, ch152, ch153, ch154, ch155, ch156, ch157, ch158, ch159, ch160, ch161, ch162, ch163, ch164, ch165, ch166, ch167, ch168, ch169, ch170, ch171, ch172, ch173, ch174, ch175, ch176, ch177, ch178, ch179, ch180, ch181, ch182, ch183, ch184, ch185, ch186, ch187, ch188, ch189, ch190, ch191, ch192, ch193, ch194, ch195, ch196, ch197, ch198, ch199, ch200, ch201, ch202, ch203, ch204, ch205, ch206, ch207, ch208, ch209, ch210, ch211, ch212, ch213, ch214, ch215, ch216, ch217, ch218, ch219, ch220, ch221, ch222, ch223, ch224, ch225, ch226, ch227, ch228, ch229, ch230, ch231, ch232, ch233, ch234, ch235, ch236, ch237, ch238, ch239, ch240, ch241, ch242, ch243, ch244, ch245, ch246, ch247, ch248, ch249, ch250, ch251, ch252, ch253, ch254, ch255, ch256, ch257, ch258, ch259, ch260, ch261, ch262, ch263, ch264, ch265, ch266, ch267, ch268, ch269, ch270, ch271, ch272, ch273, ch274, ch275, ch276, ch277, ch278, ch279, ch280, ch281, ch282, ch283, ch284, ch285, ch286, ch287, ch288, ch289, ch290, ch291, ch292, ch293, ch294, ch295, ch296, ch297, ch298, ch299, ch300, ch301, ch302, ch303
char-intro-block	43	ch001, ch004, ch005, ch014, ch015, ch018, ch023, ch030, ch032, ch035, ch055, ch080, ch095, ch210, ch224, ch243, ch244, ch246, ch248, ch261, ch262, ch269, ch276, ch280, ch289, ch290, ch291
chat-bubble	232	ch045, ch059, ch060, ch062, ch067, ch068, ch074, ch094, ch107, ch115, ch144, ch256, ch258, ch276, ch279, ch280, ch281, ch282, ch285, ch286, ch287, ch292, ch296, ch300, ch301, ch302, ch303
chat-clear	163	ch045, ch059, ch060, ch062, ch067, ch068, ch074, ch094, ch107, ch115, ch144, ch256, ch258, ch276, ch279, ch280, ch281, ch282, ch285, ch286, ch292, ch296
chat-container	49	ch045, ch059, ch060, ch062, ch067, ch068, ch074, ch094, ch107, ch115, ch144, ch256, ch258, ch276, ch279, ch280, ch281, ch282, ch285, ch286, ch287, ch292, ch296, ch300, ch301, ch302, ch303
chat-header	49	ch045, ch059, ch060, ch062, ch067, ch068, ch074, ch094, ch107, ch115, ch144, ch256, ch258, ch276, ch279, ch280, ch281, ch282, ch285, ch286, ch287, ch292, ch296, ch300, ch301, ch302, ch303
chat-meta	23	ch276, ch279, ch280, ch281, ch282, ch285, ch286, ch287, ch292, ch296, ch300, ch302, ch303
chat-name	187	ch045, ch059, ch060, ch062, ch067, ch068, ch074, ch094, ch107, ch115, ch256, ch258, ch276, ch279, ch280, ch281, ch282, ch285, ch286, ch287, ch292, ch296, ch300, ch301, ch302, ch303
chat-received	129	ch045, ch059, ch060, ch062, ch067, ch068, ch074, ch094, ch107, ch115, ch144, ch256, ch258, ch276, ch279, ch280, ch281, ch282, ch285, ch286, ch296, ch301, ch302
chat-sent	103	ch045, ch059, ch060, ch062, ch068, ch074, ch094, ch107, ch115, ch144, ch256, ch258, ch279, ch280, ch281, ch282, ch285, ch286, ch287, ch292, ch296, ch300, ch301, ch302, ch303
chat-sticker	20	ch045, ch059, ch060, ch062, ch068, ch074, ch094, ch107
checklist-block	3	ch289, ch302, ch303
ci-body	43	ch001, ch004, ch005, ch014, ch015, ch018, ch023, ch030, ch032, ch035, ch055, ch080, ch095, ch210, ch224, ch243, ch244, ch246, ch248, ch261, ch262, ch269, ch276, ch280, ch289, ch290, ch291
ci-born	43	ch001, ch004, ch005, ch014, ch015, ch018, ch023, ch030, ch032, ch035, ch055, ch080, ch095, ch210, ch224, ch243, ch244, ch246, ch248, ch261, ch262, ch269, ch276, ch280, ch289, ch290, ch291
ci-desc	46	ch001, ch004, ch005, ch014, ch015, ch018, ch023, ch030, ch032, ch035, ch055, ch080, ch095, ch210, ch224, ch243, ch244, ch246, ch248, ch261, ch262, ch269, ch276, ch280, ch289, ch290, ch291
ci-group	43	ch001, ch004, ch005, ch014, ch015, ch018, ch023, ch030, ch032, ch035, ch055, ch080, ch095, ch210, ch224, ch243, ch244, ch246, ch248, ch261, ch262, ch269, ch276, ch280, ch289, ch290, ch291
ci-name	43	ch001, ch004, ch005, ch014, ch015, ch018, ch023, ch030, ch032, ch035, ch055, ch080, ch095, ch210, ch224, ch243, ch244, ch246, ch248, ch261, ch262, ch269, ch276, ch280, ch289, ch290, ch291
ci-photo	43	ch001, ch004, ch005, ch014, ch015, ch018, ch023, ch030, ch032, ch035, ch055, ch080, ch095, ch210, ch224, ch243, ch244, ch246, ch248, ch261, ch262, ch269, ch276, ch280, ch289, ch290, ch291
ci-photo-wrap	43	ch001, ch004, ch005, ch014, ch015, ch018, ch023, ch030, ch032, ch035, ch055, ch080, ch095, ch210, ch224, ch243, ch244, ch246, ch248, ch261, ch262, ch269, ch276, ch280, ch289, ch290, ch291
ci-role	43	ch001, ch004, ch005, ch014, ch015, ch018, ch023, ch030, ch032, ch035, ch055, ch080, ch095, ch210, ch224, ch243, ch244, ch246, ch248, ch261, ch262, ch269, ch276, ch280, ch289, ch290, ch291
ci-tag	43	ch001, ch004, ch005, ch014, ch015, ch018, ch023, ch030, ch032, ch035, ch055, ch080, ch095, ch210, ch224, ch243, ch244, ch246, ch248, ch261, ch262, ch269, ch276, ch280, ch289, ch290, ch291
ckl-band	3	ch289, ch302, ch303
ckl-count	16	ch289, ch302, ch303
ckl-note	2	ch289, ch303
ckl-step	16	ch289, ch302, ch303
comment-floor	368	ch003, ch005, ch011, ch030, ch038, ch092, ch096, ch103, ch104, ch105, ch108, ch111, ch125, ch126, ch140, ch143, ch144, ch145, ch154, ch172, ch177, ch190, ch196, ch200, ch207, ch209, ch210, ch211, ch212, ch213, ch223, ch224, ch225, ch227, ch245, ch269, ch275, ch276, ch278, ch279, ch283
comment-header	75	ch003, ch005, ch011, ch030, ch038, ch092, ch096, ch103, ch104, ch105, ch108, ch111, ch125, ch126, ch140, ch143, ch144, ch145, ch154, ch172, ch177, ch190, ch196, ch200, ch207, ch209, ch210, ch211, ch212, ch213, ch223, ch224, ch225, ch227, ch245, ch269, ch275, ch276, ch278, ch279, ch283
comment-item	368	ch003, ch005, ch011, ch030, ch038, ch092, ch096, ch103, ch104, ch105, ch108, ch111, ch125, ch126, ch140, ch143, ch144, ch145, ch154, ch172, ch177, ch190, ch196, ch200, ch207, ch209, ch210, ch211, ch212, ch213, ch223, ch224, ch225, ch227, ch245, ch269, ch275, ch276, ch278, ch279, ch283
comment-thread	75	ch003, ch005, ch011, ch030, ch038, ch092, ch096, ch103, ch104, ch105, ch108, ch111, ch125, ch126, ch140, ch143, ch144, ch145, ch154, ch172, ch177, ch190, ch196, ch200, ch207, ch209, ch210, ch211, ch212, ch213, ch223, ch224, ch225, ch227, ch245, ch269, ch275, ch276, ch278, ch279, ch283
contract-block	17	ch014, ch085, ch086, ch093, ch097, ch122, ch126, ch248, ch260, ch263, ch272, ch276, ch281
cs-header	5	ch273, ch281, ch282, ch284, ch290
cs-note	4	ch273, ch282, ch284, ch290
cs-row	34	ch273, ch281, ch282, ch284, ch290
cs-time	34	ch273, ch281, ch282, ch284, ch290
cs-unit	10	ch273, ch281, ch282, ch284, ch290
cs-unit-tag	10	ch273, ch281, ch282, ch284, ch290
cs-unit-what	10	ch273, ch281, ch282, ch284, ch290
cs-what	34	ch273, ch281, ch282, ch284, ch290
ct-clause	59	ch014, ch085, ch086, ch093, ch097, ch122, ch126, ch248, ch260, ch263, ch272, ch276, ch281
ct-figure	36	ch014, ch085, ch086, ch093, ch097, ch122, ch126, ch260, ch272, ch276
ct-header	17	ch014, ch085, ch086, ch093, ch097, ch122, ch126, ch248, ch260, ch263, ch272, ch276, ch281
ct-note	13	ch014, ch085, ch086, ch093, ch097, ch122, ch126, ch248, ch263, ch272, ch276, ch281
dev-quest	1	ch275
dg-field	32	ch253, ch254, ch276, ch278, ch282, ch285, ch301, ch303
dg-flag	3	ch254, ch276, ch278
dg-header	8	ch253, ch254, ch276, ch278, ch282, ch285, ch301, ch303
dg-label	32	ch253, ch254, ch276, ch278, ch282, ch285, ch301, ch303
dg-msg	10	ch253, ch254
dg-note	8	ch253, ch254, ch276, ch278, ch285, ch301, ch303
dg-transcript	2	ch253, ch254
dg-transcript-label	2	ch253, ch254
dg-value	32	ch253, ch254, ch276, ch278, ch282, ch285, ch301, ch303
dialogue-line	10942	ch001, ch002, ch003, ch004, ch005, ch006, ch007, ch008, ch009, ch012, ch013, ch014, ch015, ch016, ch017, ch018, ch019, ch020, ch021, ch022, ch023, ch024, ch025, ch026, ch027, ch028, ch029, ch030, ch031, ch032, ch033, ch034, ch035, ch036, ch037, ch038, ch039, ch040, ch041, ch042, ch043, ch044, ch045, ch046, ch047, ch048, ch049, ch050, ch051, ch052, ch053, ch054, ch055, ch056, ch057, ch058, ch059, ch060, ch061, ch062, ch063, ch064, ch065, ch066, ch067, ch068, ch069, ch070, ch071, ch072, ch073, ch074, ch075, ch076, ch077, ch078, ch079, ch080, ch081, ch082, ch083, ch084, ch085, ch086, ch087, ch088, ch089, ch090, ch091, ch092, ch093, ch094, ch095, ch096, ch097, ch098, ch099, ch100, ch101, ch102, ch103, ch104, ch105, ch106, ch107, ch108, ch109, ch110, ch111, ch112, ch113, ch114, ch115, ch116, ch117, ch118, ch119, ch120, ch121, ch122, ch123, ch124, ch126, ch127, ch128, ch129, ch130, ch131, ch132, ch133, ch134, ch135, ch136, ch137, ch138, ch139, ch140, ch141, ch142, ch143, ch144, ch145, ch146, ch147, ch148, ch149, ch150, ch151, ch152, ch153, ch154, ch155, ch156, ch157, ch158, ch159, ch160, ch161, ch162, ch163, ch164, ch165, ch166, ch167, ch168, ch169, ch170, ch171, ch172, ch173, ch174, ch175, ch176, ch177, ch178, ch179, ch180, ch181, ch182, ch183, ch184, ch185, ch186, ch187, ch188, ch189, ch190, ch191, ch192, ch193, ch194, ch195, ch196, ch197, ch198, ch199, ch200, ch201, ch202, ch203, ch204, ch205, ch206, ch207, ch208, ch209, ch210, ch211, ch212, ch213, ch214, ch215, ch216, ch217, ch218, ch219, ch220, ch221, ch222, ch223, ch224, ch225, ch226, ch227, ch228, ch229, ch230, ch231, ch232, ch233, ch234, ch235, ch236, ch237, ch238, ch239, ch240, ch241, ch242, ch243, ch244, ch245, ch246, ch247, ch248, ch249, ch250, ch251, ch252, ch253, ch254, ch255, ch256, ch257, ch258, ch259, ch260, ch261, ch262, ch263, ch264, ch265, ch266, ch267, ch268, ch269, ch270, ch271, ch272, ch273, ch274, ch275, ch276, ch277, ch278, ch279, ch280, ch281, ch291, ch292, ch293, ch294, ch295, ch296, ch297, ch298, ch299, ch300, ch301, ch302, ch303
dossier-block	8	ch253, ch254, ch276, ch278, ch282, ch285, ch301, ch303
dq-basis	2	ch275
dq-basis-key	2	ch275
dq-basis-val	2	ch275
dq-gate	3	ch275
dq-header	1	ch275
dq-num	3	ch275
dq-principle	1	ch275
dq-reward	1	ch275
dq-task	3	ch275
dq-what	3	ch275
fanclub-block	7	ch243, ch275, ch278, ch293, ch300, ch303
fb-header	29	ch005, ch015, ch018, ch022, ch034, ch041, ch057, ch061, ch082, ch086, ch106, ch107, ch131, ch143, ch146, ch154, ch163, ch197, ch220, ch236, ch241, ch243, ch245, ch246, ch251, ch255, ch260, ch261, ch262
fb-label	138	ch005, ch015, ch018, ch022, ch034, ch041, ch057, ch061, ch082, ch086, ch106, ch107, ch131, ch143, ch146, ch154, ch163, ch197, ch220, ch236, ch241, ch243, ch245, ch246, ch251, ch255, ch260, ch261, ch262
fb-row	138	ch005, ch015, ch018, ch022, ch034, ch041, ch057, ch061, ch082, ch086, ch106, ch107, ch131, ch143, ch146, ch154, ch163, ch197, ch220, ch236, ch241, ch243, ch245, ch246, ch251, ch255, ch260, ch261, ch262
fb-value	138	ch005, ch015, ch018, ch022, ch034, ch041, ch057, ch061, ch082, ch086, ch106, ch107, ch131, ch143, ch146, ch154, ch163, ch197, ch220, ch236, ch241, ch243, ch245, ch246, ch251, ch255, ch260, ch261, ch262
fc-header	7	ch243, ch275, ch278, ch293, ch300, ch303
fc-modnote	4	ch243, ch275, ch278
fc-post	46	ch243, ch275, ch278, ch293, ch300, ch303
fc-text	46	ch243, ch275, ch278, ch293, ch300, ch303
fc-user	46	ch243, ch275, ch278, ch293, ch300, ch303
filled	10	ch005
finance-block	29	ch005, ch015, ch018, ch022, ch034, ch041, ch057, ch061, ch082, ch086, ch106, ch107, ch131, ch143, ch146, ch154, ch163, ch197, ch220, ch236, ch241, ch243, ch245, ch246, ch251, ch255, ch260, ch261, ch262
founder	6	ch243, ch275, ch278, ch293
hand-letter	1	ch096
hand-note	24	ch016, ch018, ch074, ch172, ch197, ch199, ch232, ch235, ch270, ch272, ch274, ch276, ch280, ch281, ch292, ch295, ch299, ch302, ch303
hate-wall	1	ch095
highlight	3	ch259, ch264
highlight2	48	ch001, ch006, ch008, ch012, ch015, ch017, ch047, ch051, ch052, ch059, ch071, ch085, ch086, ch090, ch092, ch093, ch094, ch095, ch097, ch099, ch100, ch103, ch104, ch107, ch110, ch112, ch116, ch120, ch123, ch124, ch126, ch128, ch139
hl-label	1	ch096
hl-sign	3	ch096, ch270
hn-label	24	ch016, ch018, ch074, ch172, ch197, ch199, ch232, ch235, ch270, ch272, ch274, ch276, ch280, ch281, ch292, ch295, ch299, ch302, ch303
hw-header	1	ch095
hw-note	1	ch095
hw-scrawl	4	ch095
lb-header	16	ch001, ch004, ch005, ch013, ch014, ch185, ch189, ch244, ch259, ch281, ch282, ch286, ch301
lb-note	6	ch244, ch259, ch281, ch282, ch286, ch301
lect-header	45	ch005, ch007, ch015, ch018, ch019, ch026, ch034, ch035, ch039, ch041, ch042, ch051, ch057, ch058, ch061, ch062, ch063, ch064, ch067, ch069, ch080, ch085, ch087, ch093, ch096, ch097, ch105, ch110, ch112, ch116, ch117, ch122, ch123, ch127, ch131, ch132, ch245, ch250, ch256, ch265, ch270, ch275, ch276, ch278
lect-q	44	ch005, ch007, ch015, ch018, ch019, ch026, ch034, ch035, ch039, ch042, ch051, ch057, ch058, ch061, ch062, ch063, ch064, ch067, ch069, ch080, ch085, ch087, ch093, ch096, ch097, ch105, ch110, ch112, ch116, ch117, ch122, ch123, ch127, ch131, ch132, ch245, ch250, ch256, ch265, ch270, ch278
lecture-block	45	ch005, ch007, ch015, ch018, ch019, ch026, ch034, ch035, ch039, ch041, ch042, ch051, ch057, ch058, ch061, ch062, ch063, ch064, ch067, ch069, ch080, ch085, ch087, ch093, ch096, ch097, ch105, ch110, ch112, ch116, ch117, ch122, ch123, ch127, ch131, ch132, ch245, ch250, ch256, ch265, ch270, ch275, ch276, ch278
lesson-block	8	ch277, ch280, ch287, ch290, ch295, ch301, ch303
location-stamp	313	ch001, ch016, ch022, ch029, ch034, ch041, ch043, ch044, ch051, ch052, ch061, ch062, ch069, ch074, ch075, ch077, ch080, ch084, ch085, ch088, ch091, ch092, ch094, ch095, ch097, ch099, ch103, ch104, ch105, ch106, ch108, ch109, ch110, ch113, ch114, ch115, ch116, ch118, ch121, ch122, ch123, ch124, ch127, ch130, ch131, ch132, ch133, ch134, ch137, ch138, ch139, ch140, ch141, ch142, ch143, ch144, ch145, ch146, ch147, ch148, ch149, ch150, ch151, ch152, ch153, ch154, ch155, ch156, ch157, ch158, ch159, ch160, ch161, ch162, ch163, ch164, ch165, ch166, ch167, ch168, ch169, ch170, ch171, ch172, ch173, ch174, ch175, ch176, ch177, ch178, ch179, ch180, ch181, ch182, ch183, ch184, ch185, ch186, ch187, ch188, ch189, ch190, ch191, ch192, ch193, ch194, ch195, ch196, ch197, ch198, ch199, ch200, ch201, ch202, ch203, ch204, ch205, ch206, ch207, ch208, ch209, ch210, ch211, ch212, ch213, ch214, ch215, ch216, ch217, ch218, ch219, ch220, ch221, ch222, ch223, ch224, ch225, ch226, ch227, ch228, ch229, ch230, ch231, ch232, ch233, ch234, ch235, ch236, ch237, ch238, ch239, ch240, ch241, ch242, ch243, ch244, ch245, ch246, ch247, ch248, ch249, ch250, ch251, ch252, ch253, ch254, ch255, ch256, ch257, ch258, ch259, ch260, ch261, ch262, ch263, ch264, ch265, ch266, ch267, ch268, ch269, ch270, ch271, ch272, ch273, ch274, ch275, ch276, ch277, ch278, ch279, ch280, ch281, ch282, ch283, ch284, ch285, ch286, ch287, ch288, ch289, ch290, ch291, ch292, ch293, ch294, ch295, ch296, ch297, ch298, ch299, ch300, ch301, ch302, ch303
ls-date	257	ch001, ch016, ch022, ch029, ch034, ch041, ch043, ch044, ch051, ch052, ch061, ch062, ch069, ch074, ch075, ch077, ch080, ch084, ch085, ch088, ch091, ch092, ch094, ch095, ch097, ch099, ch103, ch104, ch105, ch106, ch108, ch109, ch110, ch113, ch114, ch115, ch116, ch118, ch121, ch122, ch123, ch124, ch127, ch130, ch131, ch132, ch133, ch134, ch137, ch138, ch139, ch140, ch141, ch142, ch143, ch144, ch145, ch146, ch147, ch148, ch149, ch150, ch151, ch152, ch153, ch154, ch155, ch156, ch157, ch158, ch159, ch160, ch161, ch162, ch163, ch164, ch165, ch166, ch167, ch168, ch169, ch170, ch171, ch172, ch173, ch174, ch175, ch176, ch177, ch178, ch179, ch180, ch181, ch182, ch183, ch184, ch185, ch186, ch187, ch188, ch189, ch190, ch191, ch192, ch193, ch194, ch195, ch196, ch197, ch198, ch199, ch200, ch201, ch202, ch203, ch204, ch205, ch206, ch207, ch208, ch209, ch210, ch211, ch212, ch213, ch214, ch215, ch216, ch217, ch218, ch219, ch220, ch221, ch222, ch223, ch224, ch225, ch226, ch227, ch228, ch229, ch230, ch231, ch232, ch233, ch234, ch235, ch236, ch237, ch238, ch239, ch240, ch241, ch242, ch245, ch248, ch249, ch250, ch252, ch255, ch256, ch259, ch264, ch265, ch266, ch267, ch269, ch272, ch273, ch274, ch275, ch276, ch277, ch278, ch279, ch280, ch281, ch282, ch283, ch284, ch285, ch286, ch287, ch288, ch289, ch290, ch291, ch292, ch293, ch294, ch295, ch296, ch297, ch298, ch299, ch300, ch301, ch302, ch303
ls-place	313	ch001, ch016, ch022, ch029, ch034, ch041, ch043, ch044, ch051, ch052, ch061, ch062, ch069, ch074, ch075, ch077, ch080, ch084, ch085, ch088, ch091, ch092, ch094, ch095, ch097, ch099, ch103, ch104, ch105, ch106, ch108, ch109, ch110, ch113, ch114, ch115, ch116, ch118, ch121, ch122, ch123, ch124, ch127, ch130, ch131, ch132, ch133, ch134, ch137, ch138, ch139, ch140, ch141, ch142, ch143, ch144, ch145, ch146, ch147, ch148, ch149, ch150, ch151, ch152, ch153, ch154, ch155, ch156, ch157, ch158, ch159, ch160, ch161, ch162, ch163, ch164, ch165, ch166, ch167, ch168, ch169, ch170, ch171, ch172, ch173, ch174, ch175, ch176, ch177, ch178, ch179, ch180, ch181, ch182, ch183, ch184, ch185, ch186, ch187, ch188, ch189, ch190, ch191, ch192, ch193, ch194, ch195, ch196, ch197, ch198, ch199, ch200, ch201, ch202, ch203, ch204, ch205, ch206, ch207, ch208, ch209, ch210, ch211, ch212, ch213, ch214, ch215, ch216, ch217, ch218, ch219, ch220, ch221, ch222, ch223, ch224, ch225, ch226, ch227, ch228, ch229, ch230, ch231, ch232, ch233, ch234, ch235, ch236, ch237, ch238, ch239, ch240, ch241, ch242, ch243, ch244, ch245, ch246, ch247, ch248, ch249, ch250, ch251, ch252, ch253, ch254, ch255, ch256, ch257, ch258, ch259, ch260, ch261, ch262, ch263, ch264, ch265, ch266, ch267, ch268, ch269, ch270, ch271, ch272, ch273, ch274, ch275, ch276, ch277, ch278, ch279, ch280, ch281, ch282, ch283, ch284, ch285, ch286, ch287, ch288, ch289, ch290, ch291, ch292, ch293, ch294, ch295, ch296, ch297, ch298, ch299, ch300, ch301, ch302, ch303
ls-sub	313	ch001, ch016, ch022, ch029, ch034, ch041, ch043, ch044, ch051, ch052, ch061, ch062, ch069, ch074, ch075, ch077, ch080, ch084, ch085, ch088, ch091, ch092, ch094, ch095, ch097, ch099, ch103, ch104, ch105, ch106, ch108, ch109, ch110, ch113, ch114, ch115, ch116, ch118, ch121, ch122, ch123, ch124, ch127, ch130, ch131, ch132, ch133, ch134, ch137, ch138, ch139, ch140, ch141, ch142, ch143, ch144, ch145, ch146, ch147, ch148, ch149, ch150, ch151, ch152, ch153, ch154, ch155, ch156, ch157, ch158, ch159, ch160, ch161, ch162, ch163, ch164, ch165, ch166, ch167, ch168, ch169, ch170, ch171, ch172, ch173, ch174, ch175, ch176, ch177, ch178, ch179, ch180, ch181, ch182, ch183, ch184, ch185, ch186, ch187, ch188, ch189, ch190, ch191, ch192, ch193, ch194, ch195, ch196, ch197, ch198, ch199, ch200, ch201, ch202, ch203, ch204, ch205, ch206, ch207, ch208, ch209, ch210, ch211, ch212, ch213, ch214, ch215, ch216, ch217, ch218, ch219, ch220, ch221, ch222, ch223, ch224, ch225, ch226, ch227, ch228, ch229, ch230, ch231, ch232, ch233, ch234, ch235, ch236, ch237, ch238, ch239, ch240, ch241, ch242, ch243, ch244, ch245, ch246, ch247, ch248, ch249, ch250, ch251, ch252, ch253, ch254, ch255, ch256, ch257, ch258, ch259, ch260, ch261, ch262, ch263, ch264, ch265, ch266, ch267, ch268, ch269, ch270, ch271, ch272, ch273, ch274, ch275, ch276, ch277, ch278, ch279, ch280, ch281, ch282, ch283, ch284, ch285, ch286, ch287, ch288, ch289, ch290, ch291, ch292, ch293, ch294, ch295, ch296, ch297, ch298, ch299, ch300, ch301, ch302, ch303
lsn-count	36	ch277, ch280, ch287, ch290, ch295, ch301, ch303
lsn-gloss	8	ch277, ch280, ch287, ch290, ch295, ch301, ch303
lsn-header	8	ch277, ch280, ch287, ch290, ch295, ch301, ch303
lsn-note	7	ch277, ch280, ch287, ch290, ch295, ch303
lsn-step	36	ch277, ch280, ch287, ch290, ch295, ch301, ch303
lsn-teacher	5	ch277, ch280, ch287, ch290, ch295
lsn-term	8	ch277, ch280, ch287, ch290, ch295, ch301, ch303
lyric	18	ch022, ch035, ch046, ch053, ch054, ch244, ch257
lyric-block	16	ch001, ch004, ch005, ch013, ch014, ch185, ch189, ch244, ch259, ch281, ch282, ch286, ch301
mb-label	26	ch077, ch078, ch121, ch243, ch246, ch249, ch250, ch252, ch253, ch258, ch265, ch266, ch273, ch281, ch282, ch285, ch286, ch295, ch297, ch300, ch301, ch302, ch303
mb-voice	45	ch077, ch078, ch121, ch243, ch246, ch249, ch250, ch252, ch258, ch273, ch281, ch282, ch285, ch286, ch300, ch301, ch302, ch303
memory-block	26	ch077, ch078, ch121, ch243, ch246, ch249, ch250, ch252, ch253, ch258, ch265, ch266, ch273, ch281, ch282, ch285, ch286, ch295, ch297, ch300, ch301, ch302, ch303
menu-block	7	ch291, ch294, ch298, ch299, ch300, ch301, ch303
mn-course	21	ch291, ch294, ch298, ch299, ch300, ch301, ch303
mn-desc	21	ch291, ch294, ch298, ch299, ch300, ch301, ch303
mn-dish	21	ch291, ch294, ch298, ch299, ch300, ch301, ch303
mn-header	7	ch291, ch294, ch298, ch299, ch300, ch301, ch303
mn-note	6	ch291, ch294, ch298, ch299, ch300, ch303
mn-rule	6	ch291, ch294, ch298, ch299, ch300, ch303
mn-sub	7	ch291, ch294, ch298, ch299, ch300, ch301, ch303
mod	12	ch243, ch275, ch278, ch293, ch303
nd-headline	37	ch030, ch091, ch104, ch108, ch110, ch177, ch200, ch210, ch223, ch225, ch228, ch245, ch269, ch275, ch278, ch289
nd-source	37	ch030, ch091, ch103, ch104, ch108, ch110, ch177, ch200, ch210, ch223, ch225, ch228, ch245, ch269, ch275, ch278, ch289
news-digest	37	ch030, ch091, ch103, ch104, ch108, ch110, ch177, ch200, ch210, ch223, ch225, ch228, ch245, ch269, ch275, ch278, ch289
no-indent	132	ch002, ch003, ch004, ch005, ch006, ch007, ch010, ch011, ch012, ch013, ch014, ch015, ch016, ch017, ch018, ch019, ch020, ch021, ch022, ch023, ch024, ch025, ch027, ch028, ch029, ch030, ch031, ch032, ch033, ch035, ch036, ch037, ch038, ch039, ch040, ch041, ch042, ch043, ch044, ch045, ch046, ch047, ch049, ch050, ch051, ch052, ch053, ch054, ch055, ch056, ch057, ch058, ch060, ch061, ch062, ch063, ch064, ch065, ch066, ch067, ch068, ch069, ch070, ch071, ch072, ch074, ch075, ch076, ch077, ch078, ch079, ch080, ch082, ch083, ch085, ch252, ch264, ch265, ch266, ch267
notification	25	ch002, ch003, ch007, ch009, ch018, ch030, ch042, ch047, ch061, ch075, ch106, ch142, ch145, ch177, ch187, ch189, ch195, ch196, ch210, ch213, ch253, ch302
official-post	10	ch143, ch144, ch210, ch212, ch227, ch245, ch269, ch275, ch280, ch293
official-statement	7	ch030, ch096, ch296, ch300, ch301, ch303
op-band	10	ch143, ch144, ch210, ch212, ch227, ch245, ch269, ch275, ch280, ch293
op-body	12	ch143, ch144, ch210, ch212, ch227, ch245, ch269, ch275, ch280, ch293
op-handle	10	ch143, ch144, ch210, ch212, ch227, ch245, ch269, ch275, ch280, ch293
op-meta	9	ch143, ch210, ch212, ch227, ch245, ch269, ch275, ch280, ch293
os-clause	10	ch030, ch096
os-masthead	7	ch030, ch096, ch296, ch300, ch301, ch303
os-meta	7	ch030, ch096, ch296, ch300, ch301, ch303
os-note	4	ch296, ch300, ch301, ch303
os-sign	3	ch030, ch096
os-title	7	ch030, ch096, ch296, ch300, ch301, ch303
page-wrapper	303	ch001, ch002, ch003, ch004, ch005, ch006, ch007, ch008, ch009, ch010, ch011, ch012, ch013, ch014, ch015, ch016, ch017, ch018, ch019, ch020, ch021, ch022, ch023, ch024, ch025, ch026, ch027, ch028, ch029, ch030, ch031, ch032, ch033, ch034, ch035, ch036, ch037, ch038, ch039, ch040, ch041, ch042, ch043, ch044, ch045, ch046, ch047, ch048, ch049, ch050, ch051, ch052, ch053, ch054, ch055, ch056, ch057, ch058, ch059, ch060, ch061, ch062, ch063, ch064, ch065, ch066, ch067, ch068, ch069, ch070, ch071, ch072, ch073, ch074, ch075, ch076, ch077, ch078, ch079, ch080, ch081, ch082, ch083, ch084, ch085, ch086, ch087, ch088, ch089, ch090, ch091, ch092, ch093, ch094, ch095, ch096, ch097, ch098, ch099, ch100, ch101, ch102, ch103, ch104, ch105, ch106, ch107, ch108, ch109, ch110, ch111, ch112, ch113, ch114, ch115, ch116, ch117, ch118, ch119, ch120, ch121, ch122, ch123, ch124, ch125, ch126, ch127, ch128, ch129, ch130, ch131, ch132, ch133, ch134, ch135, ch136, ch137, ch138, ch139, ch140, ch141, ch142, ch143, ch144, ch145, ch146, ch147, ch148, ch149, ch150, ch151, ch152, ch153, ch154, ch155, ch156, ch157, ch158, ch159, ch160, ch161, ch162, ch163, ch164, ch165, ch166, ch167, ch168, ch169, ch170, ch171, ch172, ch173, ch174, ch175, ch176, ch177, ch178, ch179, ch180, ch181, ch182, ch183, ch184, ch185, ch186, ch187, ch188, ch189, ch190, ch191, ch192, ch193, ch194, ch195, ch196, ch197, ch198, ch199, ch200, ch201, ch202, ch203, ch204, ch205, ch206, ch207, ch208, ch209, ch210, ch211, ch212, ch213, ch214, ch215, ch216, ch217, ch218, ch219, ch220, ch221, ch222, ch223, ch224, ch225, ch226, ch227, ch228, ch229, ch230, ch231, ch232, ch233, ch234, ch235, ch236, ch237, ch238, ch239, ch240, ch241, ch242, ch243, ch244, ch245, ch246, ch247, ch248, ch249, ch250, ch251, ch252, ch253, ch254, ch255, ch256, ch257, ch258, ch259, ch260, ch261, ch262, ch263, ch264, ch265, ch266, ch267, ch268, ch269, ch270, ch271, ch272, ch273, ch274, ch275, ch276, ch277, ch278, ch279, ch280, ch281, ch282, ch283, ch284, ch285, ch286, ch287, ch288, ch289, ch290, ch291, ch292, ch293, ch294, ch295, ch296, ch297, ch298, ch299, ch300, ch301, ch302, ch303
pc-head	75	ch002, ch022, ch024, ch025, ch033, ch074, ch075, ch079, ch089, ch095, ch100, ch110, ch111, ch128, ch137, ch149, ch150, ch155, ch175, ch185, ch189, ch190, ch194, ch200, ch204, ch211, ch214, ch215, ch216, ch217, ch219, ch224, ch226, ch228, ch246, ch248, ch249, ch252, ch258, ch259, ch262, ch267, ch269, ch284, ch292, ch297, ch300, ch301, ch303
pc-me	198	ch002, ch022, ch024, ch025, ch033, ch074, ch075, ch079, ch089, ch095, ch100, ch111, ch128, ch137, ch149, ch150, ch155, ch175, ch185, ch189, ch190, ch194, ch200, ch211, ch214, ch215, ch216, ch217, ch219, ch224, ch226, ch228, ch246, ch248, ch249, ch252, ch258, ch259, ch262, ch267, ch269, ch284, ch292, ch297, ch300, ch301, ch303
pc-note	36	ch025, ch033, ch095, ch110, ch137, ch246, ch248, ch249, ch259, ch262, ch284, ch297, ch300, ch301, ch303
pc-them	185	ch002, ch025, ch033, ch074, ch075, ch079, ch110, ch111, ch128, ch137, ch149, ch150, ch155, ch175, ch185, ch189, ch190, ch194, ch200, ch204, ch211, ch214, ch215, ch216, ch217, ch219, ch224, ch226, ch228, ch246, ch248, ch249, ch252, ch258, ch259, ch262, ch267, ch269, ch284, ch292, ch297, ch300, ch301, ch303
pd-choice	1	ch279
pd-firm	5	ch279
pd-foot	2	ch279
pd-mark	2	ch279
pd-position	5	ch279
pd-rank	5	ch279
pd-slide	5	ch279
pd-slides	2	ch279
pd-strength	5	ch279
pd-title	2	ch279
performance-block	56	ch001, ch022, ch035, ch037, ch043, ch046, ch053, ch054, ch063, ch097, ch100, ch102, ch103, ch106, ch109, ch113, ch122, ch126, ch130, ch134, ch135, ch137, ch138, ch140, ch143, ch145, ch148, ch174, ch192, ch193, ch244, ch257, ch261, ch301, ch302, ch303
pf-header	56	ch001, ch022, ch035, ch037, ch043, ch046, ch053, ch054, ch063, ch097, ch100, ch102, ch103, ch106, ch109, ch113, ch122, ch126, ch130, ch134, ch135, ch137, ch138, ch140, ch143, ch145, ch148, ch174, ch192, ch193, ch244, ch257, ch261, ch301, ch302, ch303
phone-call	75	ch002, ch022, ch024, ch025, ch033, ch074, ch075, ch079, ch089, ch095, ch100, ch110, ch111, ch128, ch137, ch149, ch150, ch155, ch175, ch185, ch189, ch190, ch194, ch200, ch204, ch211, ch214, ch215, ch216, ch217, ch219, ch224, ch226, ch228, ch246, ch248, ch249, ch252, ch258, ch259, ch262, ch267, ch269, ch284, ch292, ch297, ch300, ch301, ch303
pitch-deck	2	ch279
placement-reel	1	ch250
pr-header	1	ch250
pr-item	4	ch250
pr-note	1	ch250
pr-show	4	ch250
pullquote	58	ch005, ch010, ch015, ch017, ch020, ch021, ch025, ch030, ch035, ch040, ch045, ch050, ch055, ch060, ch065, ch070, ch075, ch080, ch082, ch085, ch090, ch095, ch100, ch105, ch110, ch115, ch120, ch125, ch130, ch135, ch140, ch145, ch155, ch160, ch266, ch273, ch283, ch284, ch285, ch286, ch287, ch288, ch289, ch290, ch291, ch292, ch294, ch295, ch296, ch297, ch298, ch299, ch300, ch301, ch302, ch303
rec-dot	1	ch025
rec-header	1	ch025
rec-note	1	ch025
rec-time	1	ch025
rec-voice	1	ch025
rec-voice2	1	ch025
recording-block	1	ch025
red	4	ch119, ch120
release-block	3	ch290, ch293, ch300
reply	2	ch018, ch270
rs-chip	10	ch290, ch293, ch300
rs-header	3	ch290, ch293, ch300
rs-note	2	ch290, ch293
rs-tier	10	ch290, ch293, ch300
safe	2	ch120
scene-break	754	ch003, ch005, ch006, ch010, ch011, ch015, ch016, ch018, ch020, ch021, ch022, ch024, ch025, ch027, ch029, ch030, ch032, ch033, ch035, ch036, ch037, ch038, ch039, ch040, ch041, ch043, ch044, ch045, ch047, ch049, ch050, ch051, ch052, ch053, ch055, ch057, ch060, ch061, ch062, ch065, ch067, ch068, ch069, ch070, ch071, ch072, ch074, ch075, ch077, ch079, ch080, ch083, ch085, ch087, ch088, ch089, ch090, ch091, ch092, ch093, ch094, ch095, ch096, ch097, ch098, ch099, ch100, ch101, ch102, ch103, ch105, ch106, ch107, ch108, ch110, ch111, ch112, ch113, ch114, ch115, ch116, ch117, ch119, ch120, ch121, ch122, ch123, ch124, ch125, ch126, ch127, ch128, ch129, ch130, ch131, ch132, ch133, ch134, ch135, ch136, ch137, ch138, ch139, ch140, ch141, ch142, ch143, ch144, ch145, ch146, ch147, ch148, ch149, ch150, ch151, ch153, ch154, ch155, ch156, ch157, ch159, ch160, ch161, ch162, ch163, ch164, ch165, ch166, ch167, ch168, ch169, ch170, ch171, ch172, ch174, ch175, ch176, ch177, ch178, ch179, ch180, ch181, ch182, ch183, ch184, ch185, ch186, ch187, ch188, ch189, ch190, ch191, ch192, ch193, ch194, ch195, ch196, ch197, ch198, ch199, ch200, ch201, ch202, ch203, ch204, ch205, ch206, ch207, ch208, ch209, ch210, ch211, ch212, ch213, ch214, ch215, ch216, ch218, ch219, ch220, ch221, ch222, ch223, ch224, ch225, ch226, ch227, ch228, ch229, ch230, ch231, ch232, ch233, ch234, ch235, ch236, ch237, ch238, ch239, ch240, ch242, ch243, ch244, ch245, ch246, ch247, ch248, ch249, ch250, ch251, ch252, ch253, ch254, ch255, ch256, ch257, ch258, ch259, ch260, ch261, ch262, ch263, ch264, ch265, ch266, ch267, ch269, ch270, ch271, ch272, ch273, ch274, ch275, ch276, ch277, ch278, ch279, ch280, ch281, ch282, ch283, ch284, ch285, ch286, ch287, ch288, ch289, ch290, ch291, ch292, ch293, ch295, ch296, ch297, ch298, ch299, ch300, ch301, ch302, ch303
screen-view	6	ch209, ch210, ch267, ch275, ch286
self	86	ch045, ch059, ch060, ch062, ch068, ch074, ch094, ch107, ch115, ch256, ch258, ch279, ch280, ch281, ch282, ch286, ch287, ch292, ch296, ch300, ch301, ch302, ch303
sinister	3	ch024, ch248, ch297
sound-effect	86	ch001, ch007, ch009, ch011, ch021, ch025, ch027, ch028, ch031, ch035, ch038, ch039, ch047, ch050, ch054, ch055, ch067, ch068, ch075, ch079, ch089, ch090, ch091, ch100, ch101, ch119, ch120, ch123, ch127, ch130, ch141, ch147, ch148, ch150, ch151, ch152, ch154, ch156, ch165, ch166, ch168, ch169, ch170, ch243, ch244, ch246, ch249, ch264, ch265, ch266, ch276, ch278, ch301, ch302, ch303
sp-bar	10	ch005
sp-header	8	ch005, ch251, ch255, ch267, ch279, ch281, ch302, ch303
sp-label	51	ch005, ch251, ch255, ch267, ch279, ch281, ch302, ch303
sp-note	25	ch005, ch251, ch255, ch267, ch279, ch281, ch302, ch303
sp-row	51	ch005, ch251, ch255, ch267, ch279, ch281, ch302, ch303
sp-subject	8	ch005, ch251, ch255, ch267, ch279, ch281, ch302, ch303
sp-total	1	ch005
sp-value	51	ch005, ch251, ch255, ch267, ch279, ch281, ch302, ch303
st-header	26	ch045, ch046, ch063, ch088, ch102, ch124, ch125, ch126, ch131, ch143, ch144, ch159, ch179, ch233, ch240, ch244, ch245, ch253, ch256, ch271, ch272, ch274, ch286
st-label	150	ch045, ch046, ch063, ch088, ch102, ch124, ch125, ch126, ch131, ch143, ch144, ch159, ch179, ch233, ch240, ch244, ch245, ch253, ch256, ch271, ch272, ch274, ch286
st-note	27	ch045, ch046, ch063, ch088, ch102, ch124, ch125, ch126, ch131, ch143, ch144, ch159, ch179, ch233, ch240, ch244, ch245, ch253, ch256, ch271, ch272, ch274, ch286
st-row	150	ch045, ch046, ch063, ch088, ch102, ch124, ch125, ch126, ch131, ch143, ch144, ch159, ch179, ch233, ch240, ch244, ch245, ch253, ch256, ch271, ch272, ch274, ch286
st-value	150	ch045, ch046, ch063, ch088, ch102, ch124, ch125, ch126, ch131, ch143, ch144, ch159, ch179, ch233, ch240, ch244, ch245, ch253, ch256, ch271, ch272, ch274, ch286
status-panel	8	ch005, ch251, ch255, ch267, ch279, ch281, ch302, ch303
studio-block	26	ch045, ch046, ch063, ch088, ch102, ch124, ch125, ch126, ch131, ch143, ch144, ch159, ch179, ch233, ch240, ch244, ch245, ch253, ch256, ch271, ch272, ch274, ch286
sv-caption	5	ch209, ch267, ch275, ch286
sv-header	6	ch209, ch210, ch267, ch275, ch286
sv-line	1	ch286
sv-note	5	ch209, ch210, ch275, ch286
sv-scene	21	ch209, ch210, ch267, ch275, ch286
sys-ding	100	ch001, ch002, ch010, ch015, ch017, ch037, ch041, ch044, ch051, ch054, ch087, ch094, ch101, ch112, ch124, ch136, ch145, ch153, ch154, ch161, ch177, ch194, ch195, ch211, ch212, ch215, ch216, ch220, ch223, ch224, ch227, ch239, ch246, ch248, ch250, ch251, ch253, ch255, ch257, ch267, ch274, ch275, ch279, ch280, ch281, ch285
sys-header	122	ch001, ch002, ch003, ch007, ch008, ch009, ch010, ch011, ch015, ch017, ch031, ch037, ch041, ch044, ch051, ch054, ch068, ch087, ch094, ch101, ch112, ch124, ch131, ch136, ch143, ch145, ch146, ch153, ch154, ch161, ch177, ch190, ch194, ch195, ch196, ch211, ch212, ch215, ch216, ch220, ch223, ch224, ch227, ch230, ch239, ch246, ch247, ch248, ch250, ch251, ch253, ch255, ch257, ch259, ch261, ch265, ch267, ch274, ch275, ch279, ch280, ch281, ch285, ch286, ch292, ch293
sys-key	252	ch002, ch003, ch007, ch009, ch010, ch011, ch015, ch017, ch031, ch037, ch041, ch044, ch054, ch068, ch087, ch094, ch101, ch112, ch124, ch136, ch143, ch145, ch146, ch153, ch154, ch161, ch177, ch194, ch195, ch211, ch216, ch220, ch223, ch224, ch227, ch230, ch239, ch246, ch247, ch248, ch250, ch251, ch253, ch255, ch257, ch259, ch261, ch265, ch267, ch274, ch275, ch279, ch280, ch281, ch286, ch292
sys-line	307	ch002, ch003, ch007, ch008, ch009, ch010, ch011, ch017, ch031, ch037, ch041, ch051, ch068, ch087, ch094, ch101, ch112, ch124, ch131, ch136, ch143, ch145, ch146, ch153, ch154, ch161, ch177, ch190, ch194, ch195, ch211, ch212, ch216, ch220, ch223, ch224, ch227, ch230, ch239, ch246, ch247, ch248, ch250, ch251, ch253, ch255, ch257, ch261, ch267, ch274, ch275, ch279, ch280, ch281, ch286, ch292, ch293
sys-note	91	ch002, ch009, ch011, ch017, ch031, ch041, ch044, ch054, ch094, ch101, ch112, ch124, ch131, ch136, ch143, ch145, ch146, ch153, ch154, ch161, ch177, ch190, ch194, ch211, ch212, ch215, ch216, ch220, ch223, ch227, ch230, ch239, ch246, ch247, ch248, ch250, ch255, ch257, ch259, ch261, ch265, ch267, ch274, ch275, ch279, ch280, ch281, ch285, ch286, ch292, ch293
sys-row	83	ch003, ch007, ch008, ch010, ch011, ch017, ch031, ch037, ch041, ch068, ch094, ch101, ch112, ch131, ch136, ch190, ch194, ch211, ch212, ch227, ch293
sys-stat	1	ch255
sys-stat-label	12	ch255
sys-stat-line	12	ch255
sys-stat-value	12	ch255
sys-value	298	ch002, ch003, ch007, ch008, ch010, ch011, ch017, ch031, ch037, ch041, ch054, ch068, ch087, ch094, ch101, ch112, ch124, ch131, ch136, ch143, ch145, ch146, ch153, ch154, ch161, ch177, ch190, ch194, ch195, ch211, ch212, ch216, ch220, ch223, ch224, ch227, ch230, ch239, ch246, ch247, ch248, ch250, ch251, ch253, ch255, ch257, ch261, ch267, ch274, ch275, ch279, ch280, ch281, ch286, ch292, ch293
system-block	122	ch001, ch002, ch003, ch007, ch008, ch009, ch010, ch011, ch015, ch017, ch031, ch037, ch041, ch044, ch051, ch054, ch068, ch087, ch094, ch101, ch112, ch124, ch131, ch136, ch143, ch145, ch146, ch153, ch154, ch161, ch177, ch190, ch194, ch195, ch196, ch211, ch212, ch215, ch216, ch220, ch223, ch224, ch227, ch230, ch239, ch246, ch247, ch248, ch250, ch251, ch253, ch255, ch257, ch259, ch261, ch265, ch267, ch274, ch275, ch279, ch280, ch281, ch285, ch286, ch292, ch293
thought	1726	ch001, ch002, ch003, ch005, ch006, ch007, ch008, ch009, ch010, ch011, ch012, ch013, ch014, ch015, ch016, ch017, ch018, ch019, ch021, ch022, ch024, ch025, ch026, ch027, ch028, ch029, ch030, ch031, ch032, ch033, ch034, ch035, ch036, ch037, ch038, ch040, ch041, ch042, ch043, ch044, ch045, ch046, ch047, ch050, ch051, ch052, ch053, ch054, ch055, ch056, ch059, ch060, ch061, ch064, ch065, ch066, ch067, ch068, ch069, ch071, ch072, ch073, ch075, ch079, ch080, ch081, ch082, ch083, ch085, ch087, ch088, ch089, ch090, ch091, ch092, ch093, ch094, ch095, ch096, ch098, ch101, ch102, ch105, ch106, ch109, ch110, ch111, ch112, ch113, ch114, ch115, ch116, ch117, ch119, ch121, ch122, ch124, ch125, ch127, ch128, ch129, ch130, ch131, ch132, ch133, ch134, ch135, ch136, ch137, ch138, ch139, ch141, ch142, ch144, ch146, ch151, ch153, ch156, ch157, ch159, ch163, ch164, ch165, ch168, ch172, ch173, ch174, ch175, ch177, ch178, ch181, ch182, ch183, ch184, ch185, ch186, ch187, ch188, ch189, ch190, ch191, ch192, ch193, ch194, ch195, ch196, ch197, ch198, ch199, ch200, ch201, ch202, ch203, ch204, ch205, ch206, ch207, ch208, ch209, ch210, ch211, ch212, ch213, ch214, ch215, ch216, ch217, ch218, ch219, ch220, ch221, ch222, ch223, ch224, ch225, ch226, ch227, ch228, ch229, ch230, ch231, ch232, ch233, ch234, ch235, ch236, ch237, ch238, ch239, ch240, ch241, ch242, ch243, ch244, ch245, ch246, ch247, ch248, ch249, ch250, ch251, ch252, ch253, ch254, ch256, ch257, ch258, ch259, ch260, ch261, ch262, ch264, ch265, ch266, ch267, ch268, ch269, ch271, ch272, ch273, ch274, ch275, ch277, ch278, ch279, ch280, ch281, ch282, ch284, ch286, ch287, ch288, ch289, ch290, ch291, ch292, ch293, ch294, ch295, ch296, ch297, ch298, ch299, ch300, ch301, ch302, ch303
tr-artist	19	ch149, ch162, ch245, ch269, ch275, ch278, ch293
tr-cat	19	ch149, ch162, ch245
tr-header	20	ch030, ch091, ch096, ch104, ch108, ch115, ch125, ch126, ch139, ch143, ch149, ch162, ch227, ch245, ch269, ch275, ch278, ch293, ch300
tr-hot	37	ch030, ch091, ch096, ch104, ch108, ch115, ch125, ch126, ch139, ch143, ch149, ch162, ch227, ch245, ch269, ch275, ch278, ch293, ch300
tr-rank	90	ch030, ch091, ch096, ch104, ch108, ch115, ch125, ch126, ch139, ch143, ch149, ch162, ch227, ch245, ch269, ch275, ch278, ch293, ch300
tr-work	19	ch149, ch162, ch245, ch269, ch275, ch278, ch293
trend-block	20	ch030, ch091, ch096, ch104, ch108, ch115, ch125, ch126, ch139, ch143, ch149, ch162, ch227, ch245, ch269, ch275, ch278, ch293, ch300
variety-block	11	ch118, ch119, ch120, ch138
vt-caption	6	ch118, ch119, ch120, ch138
vt-header	11	ch118, ch119, ch120, ch138
vt-mission	6	ch118, ch119, ch120, ch138
vt-rule	8	ch118, ch120, ch138
vt-tag	12	ch119, ch120
vt-verdict	3	ch120
wardrobe-block	35	ch007, ch009, ch015, ch037, ch051, ch053, ch094, ch106, ch244, ch248, ch249, ch253, ch260, ch267, ch268, ch269, ch272, ch279, ch280, ch281, ch283, ch284, ch286, ch287, ch288, ch290, ch291, ch292, ch293, ch294, ch297, ch299, ch303
wd-city	14	ch144, ch243, ch269, ch273, ch276, ch278
wd-country	14	ch144, ch243, ch269, ch273, ch276, ch278
wd-effect	39	ch007, ch009, ch015, ch037, ch051, ch053, ch094, ch106, ch244, ch248, ch249, ch253, ch260, ch267, ch268, ch269, ch272, ch279, ch280, ch281, ch283, ch284, ch286, ch287, ch288, ch290, ch291, ch292, ch293, ch294, ch297, ch299, ch303
wd-globe	14	ch144, ch243, ch269, ch273, ch276, ch278
wd-header	35	ch007, ch009, ch015, ch037, ch051, ch053, ch094, ch106, ch244, ch248, ch249, ch253, ch260, ch267, ch268, ch269, ch272, ch279, ch280, ch281, ch283, ch284, ch286, ch287, ch288, ch290, ch291, ch292, ch293, ch294, ch297, ch299, ch303
wd-item	6	ch007, ch009, ch015, ch037, ch094, ch106
wd-label	116	ch007, ch009, ch015, ch037, ch051, ch053, ch094, ch106, ch244, ch248, ch249, ch253, ch260, ch267, ch268, ch269, ch272, ch279, ch280, ch281, ch283, ch284, ch286, ch287, ch288, ch290, ch291, ch292, ch293, ch294, ch297, ch299, ch303
wd-note	26	ch007, ch009, ch015, ch037, ch094, ch106, ch272, ch279, ch280, ch281, ch283, ch284, ch286, ch287, ch288, ch290, ch291, ch292, ch293, ch294, ch297, ch299, ch303
wd-photo	28	ch009, ch037, ch094, ch244, ch248, ch253, ch260, ch267, ch268, ch269, ch280, ch281, ch283, ch284, ch286, ch287, ch288, ch290, ch291, ch292, ch293, ch294, ch297, ch299, ch303
wd-sub	28	ch144, ch243, ch269, ch273, ch276, ch278, ch284, ch287, ch288, ch290, ch291, ch292, ch293, ch294, ch297, ch299, ch303
wd-tag	35	ch007, ch009, ch015, ch037, ch051, ch053, ch094, ch106, ch244, ch248, ch249, ch253, ch260, ch267, ch268, ch269, ch272, ch279, ch280, ch281, ch283, ch284, ch286, ch287, ch288, ch290, ch291, ch292, ch293, ch294, ch297, ch299, ch303
wh-close	13	ch254, ch266, ch272, ch274, ch275, ch276, ch277, ch291, ch292, ch296, ch299, ch300, ch303
wh-label	15	ch254, ch266, ch272, ch274, ch275, ch276, ch277, ch291, ch292, ch295, ch296, ch299, ch300, ch302, ch303
wh-note	5	ch266, ch300, ch302, ch303
wh-reply	41	ch254, ch266, ch272, ch274, ch275, ch276, ch277, ch291, ch292, ch295, ch296, ch299, ch300, ch302, ch303
wh-voice	54	ch254, ch266, ch272, ch274, ch275, ch276, ch277, ch291, ch292, ch295, ch296, ch299, ch300, ch302, ch303
whisper-block	15	ch254, ch266, ch272, ch274, ch275, ch276, ch277, ch291, ch292, ch295, ch296, ch299, ch300, ch302, ch303
world-dispatch	14	ch144, ch243, ch269, ch273, ch276, ch278
xman	1	ch120
yellow	4	ch119, ch120
